<annotation>
	<folder>Boots</folder>
	<filename>00001010.jpg</filename>
	<path>/home/yogeshwar/Downloads/Raw/Boots/00001010.jpg</path>
	<source>
		<database>Unknown</database>
	</source>
	<size>
		<width>360</width>
		<height>360</height>
		<depth>3</depth>
	</size>
	<segmented>0</segmented>
	<object>
		<name>Boots</name>
		<pose>Unspecified</pose>
		<truncated>0</truncated>
		<difficult>0</difficult>
		<bndbox>
			<xmin>8</xmin>
			<ymin>7</ymin>
			<xmax>351</xmax>
			<ymax>340</ymax>
		</bndbox>
	</object>
</annotation>
