<annotation>
	<folder>Boots</folder>
	<filename>000021.jpg</filename>
	<path>/home/yogeshwar/Downloads/Raw/Boots/000021.jpg</path>
	<source>
		<database>Unknown</database>
	</source>
	<size>
		<width>2000</width>
		<height>2000</height>
		<depth>3</depth>
	</size>
	<segmented>0</segmented>
	<object>
		<name>Boots</name>
		<pose>Unspecified</pose>
		<truncated>0</truncated>
		<difficult>0</difficult>
		<bndbox>
			<xmin>53</xmin>
			<ymin>23</ymin>
			<xmax>1959</xmax>
			<ymax>1983</ymax>
		</bndbox>
	</object>
</annotation>
