<annotation>
	<folder>Boots</folder>
	<filename>00005452.jpg</filename>
	<path>/home/yogeshwar/Downloads/Raw/Boots/00005452.jpg</path>
	<source>
		<database>Unknown</database>
	</source>
	<size>
		<width>312</width>
		<height>293</height>
		<depth>3</depth>
	</size>
	<segmented>0</segmented>
	<object>
		<name>Boots</name>
		<pose>Unspecified</pose>
		<truncated>0</truncated>
		<difficult>0</difficult>
		<bndbox>
			<xmin>2</xmin>
			<ymin>4</ymin>
			<xmax>302</xmax>
			<ymax>291</ymax>
		</bndbox>
	</object>
</annotation>
