<annotation>
	<folder>Boots</folder>
	<filename>00008885.jpg</filename>
	<path>/home/yogeshwar/Downloads/Raw/Boots/00008885.jpg</path>
	<source>
		<database>Unknown</database>
	</source>
	<size>
		<width>700</width>
		<height>850</height>
		<depth>3</depth>
	</size>
	<segmented>0</segmented>
	<object>
		<name>Boots</name>
		<pose>Unspecified</pose>
		<truncated>0</truncated>
		<difficult>0</difficult>
		<bndbox>
			<xmin>66</xmin>
			<ymin>89</ymin>
			<xmax>655</xmax>
			<ymax>763</ymax>
		</bndbox>
	</object>
</annotation>
