<annotation>
	<folder>Boots</folder>
	<filename>000014.png</filename>
	<path>/home/yogeshwar/Downloads/Raw/Boots/000014.png</path>
	<source>
		<database>Unknown</database>
	</source>
	<size>
		<width>300</width>
		<height>300</height>
		<depth>3</depth>
	</size>
	<segmented>0</segmented>
	<object>
		<name>Boots</name>
		<pose>Unspecified</pose>
		<truncated>1</truncated>
		<difficult>0</difficult>
		<bndbox>
			<xmin>11</xmin>
			<ymin>22</ymin>
			<xmax>300</xmax>
			<ymax>251</ymax>
		</bndbox>
	</object>
</annotation>
