<annotation>
	<folder>Boots</folder>
	<filename>000069.jpg</filename>
	<path>/home/yogeshwar/Downloads/Raw/Boots/000069.jpg</path>
	<source>
		<database>Unknown</database>
	</source>
	<size>
		<width>262</width>
		<height>300</height>
		<depth>3</depth>
	</size>
	<segmented>0</segmented>
	<object>
		<name>Boots</name>
		<pose>Unspecified</pose>
		<truncated>0</truncated>
		<difficult>0</difficult>
		<bndbox>
			<xmin>9</xmin>
			<ymin>11</ymin>
			<xmax>259</xmax>
			<ymax>273</ymax>
		</bndbox>
	</object>
</annotation>
