<annotation>
	<folder>Boots</folder>
	<filename>000052.jpg</filename>
	<path>/home/yogeshwar/Downloads/Raw/Boots/000052.jpg</path>
	<source>
		<database>Unknown</database>
	</source>
	<size>
		<width>1280</width>
		<height>1024</height>
		<depth>3</depth>
	</size>
	<segmented>0</segmented>
	<object>
		<name>Boots</name>
		<pose>Unspecified</pose>
		<truncated>0</truncated>
		<difficult>0</difficult>
		<bndbox>
			<xmin>63</xmin>
			<ymin>29</ymin>
			<xmax>1243</xmax>
			<ymax>1001</ymax>
		</bndbox>
	</object>
</annotation>
