<annotation>
	<folder>Boots</folder>
	<filename>000066.jpg</filename>
	<path>/home/yogeshwar/Downloads/Raw/Boots/000066.jpg</path>
	<source>
		<database>Unknown</database>
	</source>
	<size>
		<width>800</width>
		<height>700</height>
		<depth>3</depth>
	</size>
	<segmented>0</segmented>
	<object>
		<name>Boots</name>
		<pose>Unspecified</pose>
		<truncated>0</truncated>
		<difficult>0</difficult>
		<bndbox>
			<xmin>21</xmin>
			<ymin>161</ymin>
			<xmax>781</xmax>
			<ymax>608</ymax>
		</bndbox>
	</object>
</annotation>
