<annotation>
	<folder>Boots</folder>
	<filename>000074.png</filename>
	<path>/home/yogeshwar/Downloads/Raw/Boots/000074.png</path>
	<source>
		<database>Unknown</database>
	</source>
	<size>
		<width>450</width>
		<height>450</height>
		<depth>3</depth>
	</size>
	<segmented>0</segmented>
	<object>
		<name>Boots</name>
		<pose>Unspecified</pose>
		<truncated>1</truncated>
		<difficult>0</difficult>
		<bndbox>
			<xmin>30</xmin>
			<ymin>8</ymin>
			<xmax>425</xmax>
			<ymax>450</ymax>
		</bndbox>
	</object>
</annotation>
