<annotation>
	<folder>Boots</folder>
	<filename>00006764.jpg</filename>
	<path>/home/yogeshwar/Downloads/Raw/Boots/00006764.jpg</path>
	<source>
		<database>Unknown</database>
	</source>
	<size>
		<width>365</width>
		<height>365</height>
		<depth>3</depth>
	</size>
	<segmented>0</segmented>
	<object>
		<name>Boots</name>
		<pose>Unspecified</pose>
		<truncated>0</truncated>
		<difficult>0</difficult>
		<bndbox>
			<xmin>64</xmin>
			<ymin>116</ymin>
			<xmax>322</xmax>
			<ymax>259</ymax>
		</bndbox>
	</object>
</annotation>
