<annotation>
	<folder>Boots</folder>
	<filename>00006562.jpg</filename>
	<path>/home/yogeshwar/Downloads/Raw/Boots/00006562.jpg</path>
	<source>
		<database>Unknown</database>
	</source>
	<size>
		<width>330</width>
		<height>330</height>
		<depth>3</depth>
	</size>
	<segmented>0</segmented>
	<object>
		<name>Boots</name>
		<pose>Unspecified</pose>
		<truncated>0</truncated>
		<difficult>0</difficult>
		<bndbox>
			<xmin>19</xmin>
			<ymin>84</ymin>
			<xmax>310</xmax>
			<ymax>263</ymax>
		</bndbox>
	</object>
</annotation>
