<annotation>
	<folder>Boots</folder>
	<filename>000012.jpg</filename>
	<path>/home/yogeshwar/Downloads/Raw/Boots/000012.jpg</path>
	<source>
		<database>Unknown</database>
	</source>
	<size>
		<width>1200</width>
		<height>1200</height>
		<depth>3</depth>
	</size>
	<segmented>0</segmented>
	<object>
		<name>Boots</name>
		<pose>Unspecified</pose>
		<truncated>0</truncated>
		<difficult>0</difficult>
		<bndbox>
			<xmin>20</xmin>
			<ymin>10</ymin>
			<xmax>1183</xmax>
			<ymax>1196</ymax>
		</bndbox>
	</object>
</annotation>
