<annotation>
	<folder>Boots</folder>
	<filename>000027.JPG</filename>
	<path>/home/yogeshwar/Downloads/Raw/Boots/000027.JPG</path>
	<source>
		<database>Unknown</database>
	</source>
	<size>
		<width>175</width>
		<height>196</height>
		<depth>3</depth>
	</size>
	<segmented>0</segmented>
	<object>
		<name>Boots</name>
		<pose>Unspecified</pose>
		<truncated>1</truncated>
		<difficult>0</difficult>
		<bndbox>
			<xmin>3</xmin>
			<ymin>9</ymin>
			<xmax>173</xmax>
			<ymax>196</ymax>
		</bndbox>
	</object>
</annotation>
