<annotation>
	<folder>Boots</folder>
	<filename>00009699.jpg</filename>
	<path>/home/yogeshwar/Downloads/Raw/Boots/00009699.jpg</path>
	<source>
		<database>Unknown</database>
	</source>
	<size>
		<width>480</width>
		<height>400</height>
		<depth>3</depth>
	</size>
	<segmented>0</segmented>
	<object>
		<name>Boots</name>
		<pose>Unspecified</pose>
		<truncated>0</truncated>
		<difficult>0</difficult>
		<bndbox>
			<xmin>3</xmin>
			<ymin>85</ymin>
			<xmax>470</xmax>
			<ymax>318</ymax>
		</bndbox>
	</object>
</annotation>
