<annotation>
	<folder>Boots</folder>
	<filename>000056.jpg</filename>
	<path>/home/yogeshwar/Downloads/Raw/Boots/000056.jpg</path>
	<source>
		<database>Unknown</database>
	</source>
	<size>
		<width>854</width>
		<height>854</height>
		<depth>3</depth>
	</size>
	<segmented>0</segmented>
	<object>
		<name>Boots</name>
		<pose>Unspecified</pose>
		<truncated>1</truncated>
		<difficult>0</difficult>
		<bndbox>
			<xmin>56</xmin>
			<ymin>14</ymin>
			<xmax>819</xmax>
			<ymax>854</ymax>
		</bndbox>
	</object>
</annotation>
