<annotation>
	<folder>Boots</folder>
	<filename>00002524.jpg</filename>
	<path>/home/yogeshwar/Downloads/Raw/Boots/00002524.jpg</path>
	<source>
		<database>Unknown</database>
	</source>
	<size>
		<width>850</width>
		<height>995</height>
		<depth>3</depth>
	</size>
	<segmented>0</segmented>
	<object>
		<name>Boots</name>
		<pose>Unspecified</pose>
		<truncated>0</truncated>
		<difficult>0</difficult>
		<bndbox>
			<xmin>230</xmin>
			<ymin>20</ymin>
			<xmax>683</xmax>
			<ymax>967</ymax>
		</bndbox>
	</object>
</annotation>
