<annotation>
	<folder>Boots</folder>
	<filename>000085.jpg</filename>
	<path>/home/yogeshwar/Downloads/Raw/Boots/000085.jpg</path>
	<source>
		<database>Unknown</database>
	</source>
	<size>
		<width>600</width>
		<height>600</height>
		<depth>3</depth>
	</size>
	<segmented>0</segmented>
	<object>
		<name>Boots</name>
		<pose>Unspecified</pose>
		<truncated>1</truncated>
		<difficult>0</difficult>
		<bndbox>
			<xmin>7</xmin>
			<ymin>102</ymin>
			<xmax>600</xmax>
			<ymax>594</ymax>
		</bndbox>
	</object>
</annotation>
