<annotation>
	<folder>Boots</folder>
	<filename>000020.jpg</filename>
	<path>/home/yogeshwar/Downloads/Raw/Boots/000020.jpg</path>
	<source>
		<database>Unknown</database>
	</source>
	<size>
		<width>3174</width>
		<height>3022</height>
		<depth>3</depth>
	</size>
	<segmented>0</segmented>
	<object>
		<name>Boots</name>
		<pose>Unspecified</pose>
		<truncated>0</truncated>
		<difficult>0</difficult>
		<bndbox>
			<xmin>100</xmin>
			<ymin>50</ymin>
			<xmax>3152</xmax>
			<ymax>2985</ymax>
		</bndbox>
	</object>
</annotation>
