<annotation>
	<folder>Boots</folder>
	<filename>00008077.jpg</filename>
	<path>/home/yogeshwar/Downloads/Raw/Boots/00008077.jpg</path>
	<source>
		<database>Unknown</database>
	</source>
	<size>
		<width>300</width>
		<height>300</height>
		<depth>3</depth>
	</size>
	<segmented>0</segmented>
	<object>
		<name>Boots</name>
		<pose>Unspecified</pose>
		<truncated>0</truncated>
		<difficult>0</difficult>
		<bndbox>
			<xmin>66</xmin>
			<ymin>51</ymin>
			<xmax>244</xmax>
			<ymax>251</ymax>
		</bndbox>
	</object>
</annotation>
