<annotation>
	<folder>Boots</folder>
	<filename>00003130.jpg</filename>
	<path>/home/yogeshwar/Downloads/Raw/Boots/00003130.jpg</path>
	<source>
		<database>Unknown</database>
	</source>
	<size>
		<width>1500</width>
		<height>1000</height>
		<depth>3</depth>
	</size>
	<segmented>0</segmented>
	<object>
		<name>Boots</name>
		<pose>Unspecified</pose>
		<truncated>0</truncated>
		<difficult>0</difficult>
		<bndbox>
			<xmin>175</xmin>
			<ymin>94</ymin>
			<xmax>1231</xmax>
			<ymax>936</ymax>
		</bndbox>
	</object>
</annotation>
