<annotation>
	<folder>Boots</folder>
	<filename>000050.jpg</filename>
	<path>/home/yogeshwar/Downloads/Raw/Boots/000050.jpg</path>
	<source>
		<database>Unknown</database>
	</source>
	<size>
		<width>500</width>
		<height>337</height>
		<depth>3</depth>
	</size>
	<segmented>0</segmented>
	<object>
		<name>Boots</name>
		<pose>Unspecified</pose>
		<truncated>1</truncated>
		<difficult>0</difficult>
		<bndbox>
			<xmin>3</xmin>
			<ymin>3</ymin>
			<xmax>497</xmax>
			<ymax>337</ymax>
		</bndbox>
	</object>
</annotation>
