<annotation>
	<folder>Boots</folder>
	<filename>00001919.jpg</filename>
	<path>/home/yogeshwar/Downloads/Raw/Boots/00001919.jpg</path>
	<source>
		<database>Unknown</database>
	</source>
	<size>
		<width>300</width>
		<height>300</height>
		<depth>3</depth>
	</size>
	<segmented>0</segmented>
	<object>
		<name>Boots</name>
		<pose>Unspecified</pose>
		<truncated>0</truncated>
		<difficult>0</difficult>
		<bndbox>
			<xmin>9</xmin>
			<ymin>44</ymin>
			<xmax>293</xmax>
			<ymax>277</ymax>
		</bndbox>
	</object>
</annotation>
