<annotation>
	<folder>Boots</folder>
	<filename>000054.jpg</filename>
	<path>/home/yogeshwar/Downloads/Raw/Boots/000054.jpg</path>
	<source>
		<database>Unknown</database>
	</source>
	<size>
		<width>1322</width>
		<height>1322</height>
		<depth>3</depth>
	</size>
	<segmented>0</segmented>
	<object>
		<name>Boots</name>
		<pose>Unspecified</pose>
		<truncated>0</truncated>
		<difficult>0</difficult>
		<bndbox>
			<xmin>135</xmin>
			<ymin>37</ymin>
			<xmax>1125</xmax>
			<ymax>1293</ymax>
		</bndbox>
	</object>
</annotation>
