<annotation>
	<folder>Boots</folder>
	<filename>00002423.jpg</filename>
	<path>/home/yogeshwar/Downloads/Raw/Boots/00002423.jpg</path>
	<source>
		<database>Unknown</database>
	</source>
	<size>
		<width>268</width>
		<height>174</height>
		<depth>3</depth>
	</size>
	<segmented>0</segmented>
	<object>
		<name>Boots</name>
		<pose>Unspecified</pose>
		<truncated>0</truncated>
		<difficult>0</difficult>
		<bndbox>
			<xmin>2</xmin>
			<ymin>2</ymin>
			<xmax>266</xmax>
			<ymax>173</ymax>
		</bndbox>
	</object>
</annotation>
