<annotation>
	<folder>Boots</folder>
	<filename>000030.jpg</filename>
	<path>/home/yogeshwar/Downloads/Raw/Boots/000030.jpg</path>
	<source>
		<database>Unknown</database>
	</source>
	<size>
		<width>800</width>
		<height>691</height>
		<depth>3</depth>
	</size>
	<segmented>0</segmented>
	<object>
		<name>Boots</name>
		<pose>Unspecified</pose>
		<truncated>0</truncated>
		<difficult>0</difficult>
		<bndbox>
			<xmin>52</xmin>
			<ymin>67</ymin>
			<xmax>783</xmax>
			<ymax>663</ymax>
		</bndbox>
	</object>
</annotation>
