<annotation>
	<folder>Boots</folder>
	<filename>00008784.jpg</filename>
	<path>/home/yogeshwar/Downloads/Raw/Boots/00008784.jpg</path>
	<source>
		<database>Unknown</database>
	</source>
	<size>
		<width>2000</width>
		<height>2000</height>
		<depth>3</depth>
	</size>
	<segmented>0</segmented>
	<object>
		<name>Boots</name>
		<pose>Unspecified</pose>
		<truncated>0</truncated>
		<difficult>0</difficult>
		<bndbox>
			<xmin>111</xmin>
			<ymin>571</ymin>
			<xmax>1899</xmax>
			<ymax>1677</ymax>
		</bndbox>
	</object>
</annotation>
