<annotation>
	<folder>Boots</folder>
	<filename>000089.jpg</filename>
	<path>/home/yogeshwar/Downloads/Raw/Boots/000089.jpg</path>
	<source>
		<database>Unknown</database>
	</source>
	<size>
		<width>337</width>
		<height>395</height>
		<depth>3</depth>
	</size>
	<segmented>0</segmented>
	<object>
		<name>Boots</name>
		<pose>Unspecified</pose>
		<truncated>0</truncated>
		<difficult>0</difficult>
		<bndbox>
			<xmin>20</xmin>
			<ymin>11</ymin>
			<xmax>330</xmax>
			<ymax>388</ymax>
		</bndbox>
	</object>
</annotation>
