<annotation>
	<folder>Boots</folder>
	<filename>000068.jpg</filename>
	<path>/home/yogeshwar/Downloads/Raw/Boots/000068.jpg</path>
	<source>
		<database>Unknown</database>
	</source>
	<size>
		<width>200</width>
		<height>250</height>
		<depth>3</depth>
	</size>
	<segmented>0</segmented>
	<object>
		<name>Boots</name>
		<pose>Unspecified</pose>
		<truncated>1</truncated>
		<difficult>0</difficult>
		<bndbox>
			<xmin>3</xmin>
			<ymin>36</ymin>
			<xmax>200</xmax>
			<ymax>219</ymax>
		</bndbox>
	</object>
</annotation>
