<annotation>
	<folder>Boots</folder>
	<filename>000042.jpg</filename>
	<path>/home/yogeshwar/Downloads/Raw/Boots/000042.jpg</path>
	<source>
		<database>Unknown</database>
	</source>
	<size>
		<width>640</width>
		<height>640</height>
		<depth>3</depth>
	</size>
	<segmented>0</segmented>
	<object>
		<name>Boots</name>
		<pose>Unspecified</pose>
		<truncated>0</truncated>
		<difficult>0</difficult>
		<bndbox>
			<xmin>25</xmin>
			<ymin>143</ymin>
			<xmax>627</xmax>
			<ymax>622</ymax>
		</bndbox>
	</object>
</annotation>
