<annotation>
	<folder>Boots</folder>
	<filename>00008481.jpg</filename>
	<path>/home/yogeshwar/Downloads/Raw/Boots/00008481.jpg</path>
	<source>
		<database>Unknown</database>
	</source>
	<size>
		<width>1400</width>
		<height>1400</height>
		<depth>3</depth>
	</size>
	<segmented>0</segmented>
	<object>
		<name>Boots</name>
		<pose>Unspecified</pose>
		<truncated>1</truncated>
		<difficult>0</difficult>
		<bndbox>
			<xmin>26</xmin>
			<ymin>248</ymin>
			<xmax>1400</xmax>
			<ymax>1203</ymax>
		</bndbox>
	</object>
</annotation>
