<annotation>
	<folder>Boots</folder>
	<filename>000071.jpg</filename>
	<path>/home/yogeshwar/Downloads/Raw/Boots/000071.jpg</path>
	<source>
		<database>Unknown</database>
	</source>
	<size>
		<width>2376</width>
		<height>2376</height>
		<depth>3</depth>
	</size>
	<segmented>0</segmented>
	<object>
		<name>Boots</name>
		<pose>Unspecified</pose>
		<truncated>0</truncated>
		<difficult>0</difficult>
		<bndbox>
			<xmin>208</xmin>
			<ymin>178</ymin>
			<xmax>2219</xmax>
			<ymax>2174</ymax>
		</bndbox>
	</object>
</annotation>
