<annotation>
	<folder>Boots</folder>
	<filename>000055.jpg</filename>
	<path>/home/yogeshwar/Downloads/Raw/Boots/000055.jpg</path>
	<source>
		<database>Unknown</database>
	</source>
	<size>
		<width>1563</width>
		<height>2000</height>
		<depth>3</depth>
	</size>
	<segmented>0</segmented>
	<object>
		<name>Boots</name>
		<pose>Unspecified</pose>
		<truncated>0</truncated>
		<difficult>0</difficult>
		<bndbox>
			<xmin>113</xmin>
			<ymin>400</ymin>
			<xmax>1458</xmax>
			<ymax>1663</ymax>
		</bndbox>
	</object>
</annotation>
