<annotation>
	<folder>Boots</folder>
	<filename>000070.jpg</filename>
	<path>/home/yogeshwar/Downloads/Raw/Boots/000070.jpg</path>
	<source>
		<database>Unknown</database>
	</source>
	<size>
		<width>520</width>
		<height>360</height>
		<depth>3</depth>
	</size>
	<segmented>0</segmented>
	<object>
		<name>Boots</name>
		<pose>Unspecified</pose>
		<truncated>0</truncated>
		<difficult>0</difficult>
		<bndbox>
			<xmin>6</xmin>
			<ymin>23</ymin>
			<xmax>504</xmax>
			<ymax>337</ymax>
		</bndbox>
	</object>
</annotation>
