<annotation>
	<folder>Boots</folder>
	<filename>00002827.jpg</filename>
	<path>/home/yogeshwar/Downloads/Raw/Boots/00002827.jpg</path>
	<source>
		<database>Unknown</database>
	</source>
	<size>
		<width>1025</width>
		<height>1400</height>
		<depth>3</depth>
	</size>
	<segmented>0</segmented>
	<object>
		<name>Boots</name>
		<pose>Unspecified</pose>
		<truncated>1</truncated>
		<difficult>0</difficult>
		<bndbox>
			<xmin>1</xmin>
			<ymin>578</ymin>
			<xmax>1010</xmax>
			<ymax>1380</ymax>
		</bndbox>
	</object>
</annotation>
