<annotation>
	<folder>Boots</folder>
	<filename>00006865.jpg</filename>
	<path>/home/yogeshwar/Downloads/Raw/Boots/00006865.jpg</path>
	<source>
		<database>Unknown</database>
	</source>
	<size>
		<width>1024</width>
		<height>680</height>
		<depth>3</depth>
	</size>
	<segmented>0</segmented>
	<object>
		<name>Boots</name>
		<pose>Unspecified</pose>
		<truncated>0</truncated>
		<difficult>0</difficult>
		<bndbox>
			<xmin>70</xmin>
			<ymin>119</ymin>
			<xmax>999</xmax>
			<ymax>590</ymax>
		</bndbox>
	</object>
</annotation>
