<annotation>
	<folder>Boots</folder>
	<filename>00003534.jpg</filename>
	<path>/home/yogeshwar/Downloads/Raw/Boots/00003534.jpg</path>
	<source>
		<database>Unknown</database>
	</source>
	<size>
		<width>800</width>
		<height>800</height>
		<depth>3</depth>
	</size>
	<segmented>0</segmented>
	<object>
		<name>Boots</name>
		<pose>Unspecified</pose>
		<truncated>0</truncated>
		<difficult>0</difficult>
		<bndbox>
			<xmin>64</xmin>
			<ymin>138</ymin>
			<xmax>748</xmax>
			<ymax>713</ymax>
		</bndbox>
	</object>
</annotation>
