<annotation>
	<folder>Boots</folder>
	<filename>000076.jpg</filename>
	<path>/home/yogeshwar/Downloads/Raw/Boots/000076.jpg</path>
	<source>
		<database>Unknown</database>
	</source>
	<size>
		<width>1155</width>
		<height>1155</height>
		<depth>3</depth>
	</size>
	<segmented>0</segmented>
	<object>
		<name>Boots</name>
		<pose>Unspecified</pose>
		<truncated>0</truncated>
		<difficult>0</difficult>
		<bndbox>
			<xmin>38</xmin>
			<ymin>96</ymin>
			<xmax>1120</xmax>
			<ymax>1121</ymax>
		</bndbox>
	</object>
</annotation>
