<annotation>
	<folder>Boots</folder>
	<filename>00006663.jpg</filename>
	<path>/home/yogeshwar/Downloads/Raw/Boots/00006663.jpg</path>
	<source>
		<database>Unknown</database>
	</source>
	<size>
		<width>450</width>
		<height>338</height>
		<depth>3</depth>
	</size>
	<segmented>0</segmented>
	<object>
		<name>Boots</name>
		<pose>Unspecified</pose>
		<truncated>0</truncated>
		<difficult>0</difficult>
		<bndbox>
			<xmin>57</xmin>
			<ymin>35</ymin>
			<xmax>402</xmax>
			<ymax>297</ymax>
		</bndbox>
	</object>
</annotation>
