<annotation>
	<folder>Boots</folder>
	<filename>00007875.jpg</filename>
	<path>/home/yogeshwar/Downloads/Raw/Boots/00007875.jpg</path>
	<source>
		<database>Unknown</database>
	</source>
	<size>
		<width>736</width>
		<height>549</height>
		<depth>3</depth>
	</size>
	<segmented>0</segmented>
	<object>
		<name>Boots</name>
		<pose>Unspecified</pose>
		<truncated>0</truncated>
		<difficult>0</difficult>
		<bndbox>
			<xmin>22</xmin>
			<ymin>148</ymin>
			<xmax>731</xmax>
			<ymax>534</ymax>
		</bndbox>
	</object>
</annotation>
