<annotation>
	<folder>Boots</folder>
	<filename>000092.jpeg</filename>
	<path>/home/yogeshwar/Downloads/Raw/Boots/000092.jpeg</path>
	<source>
		<database>Unknown</database>
	</source>
	<size>
		<width>1000</width>
		<height>1000</height>
		<depth>3</depth>
	</size>
	<segmented>0</segmented>
	<object>
		<name>Boots</name>
		<pose>Unspecified</pose>
		<truncated>0</truncated>
		<difficult>0</difficult>
		<bndbox>
			<xmin>20</xmin>
			<ymin>200</ymin>
			<xmax>975</xmax>
			<ymax>799</ymax>
		</bndbox>
	</object>
</annotation>
