<annotation>
	<folder>Boots</folder>
	<filename>00001818.jpg</filename>
	<path>/home/yogeshwar/Downloads/Raw/Boots/00001818.jpg</path>
	<source>
		<database>Unknown</database>
	</source>
	<size>
		<width>600</width>
		<height>511</height>
		<depth>3</depth>
	</size>
	<segmented>0</segmented>
	<object>
		<name>Boots</name>
		<pose>Unspecified</pose>
		<truncated>0</truncated>
		<difficult>0</difficult>
		<bndbox>
			<xmin>28</xmin>
			<ymin>5</ymin>
			<xmax>585</xmax>
			<ymax>502</ymax>
		</bndbox>
	</object>
</annotation>
