<annotation>
	<folder>Boots</folder>
	<filename>000024.JPG</filename>
	<path>/home/yogeshwar/Downloads/Raw/Boots/000024.JPG</path>
	<source>
		<database>Unknown</database>
	</source>
	<size>
		<width>175</width>
		<height>158</height>
		<depth>3</depth>
	</size>
	<segmented>0</segmented>
	<object>
		<name>Boots</name>
		<pose>Unspecified</pose>
		<truncated>0</truncated>
		<difficult>0</difficult>
		<bndbox>
			<xmin>3</xmin>
			<ymin>3</ymin>
			<xmax>174</xmax>
			<ymax>157</ymax>
		</bndbox>
	</object>
</annotation>
