<annotation>
	<folder>Boots</folder>
	<filename>00009494.jpg</filename>
	<path>/home/yogeshwar/Downloads/Raw/Boots/00009494.jpg</path>
	<source>
		<database>Unknown</database>
	</source>
	<size>
		<width>832</width>
		<height>643</height>
		<depth>3</depth>
	</size>
	<segmented>0</segmented>
	<object>
		<name>Boots</name>
		<pose>Unspecified</pose>
		<truncated>0</truncated>
		<difficult>0</difficult>
		<bndbox>
			<xmin>11</xmin>
			<ymin>23</ymin>
			<xmax>828</xmax>
			<ymax>628</ymax>
		</bndbox>
	</object>
</annotation>
