<annotation>
	<folder>Boots</folder>
	<filename>000078.jpg</filename>
	<path>/home/yogeshwar/Downloads/Raw/Boots/000078.jpg</path>
	<source>
		<database>Unknown</database>
	</source>
	<size>
		<width>450</width>
		<height>405</height>
		<depth>3</depth>
	</size>
	<segmented>0</segmented>
	<object>
		<name>Boots</name>
		<pose>Unspecified</pose>
		<truncated>0</truncated>
		<difficult>0</difficult>
		<bndbox>
			<xmin>34</xmin>
			<ymin>40</ymin>
			<xmax>435</xmax>
			<ymax>362</ymax>
		</bndbox>
	</object>
</annotation>
