<annotation>
	<folder>Boots</folder>
	<filename>00007572.jpg</filename>
	<path>/home/yogeshwar/Downloads/Raw/Boots/00007572.jpg</path>
	<source>
		<database>Unknown</database>
	</source>
	<size>
		<width>470</width>
		<height>470</height>
		<depth>3</depth>
	</size>
	<segmented>0</segmented>
	<object>
		<name>Boots</name>
		<pose>Unspecified</pose>
		<truncated>1</truncated>
		<difficult>0</difficult>
		<bndbox>
			<xmin>6</xmin>
			<ymin>18</ymin>
			<xmax>470</xmax>
			<ymax>444</ymax>
		</bndbox>
	</object>
</annotation>
