<annotation>
	<folder>Boots</folder>
	<filename>00008380.jpg</filename>
	<path>/home/yogeshwar/Downloads/Raw/Boots/00008380.jpg</path>
	<source>
		<database>Unknown</database>
	</source>
	<size>
		<width>250</width>
		<height>211</height>
		<depth>3</depth>
	</size>
	<segmented>0</segmented>
	<object>
		<name>Boots</name>
		<pose>Unspecified</pose>
		<truncated>0</truncated>
		<difficult>0</difficult>
		<bndbox>
			<xmin>5</xmin>
			<ymin>15</ymin>
			<xmax>241</xmax>
			<ymax>196</ymax>
		</bndbox>
	</object>
</annotation>
