<annotation>
	<folder>Boots</folder>
	<filename>00003736.jpg</filename>
	<path>/home/yogeshwar/Downloads/Raw/Boots/00003736.jpg</path>
	<source>
		<database>Unknown</database>
	</source>
	<size>
		<width>1000</width>
		<height>646</height>
		<depth>3</depth>
	</size>
	<segmented>0</segmented>
	<object>
		<name>Boots</name>
		<pose>Unspecified</pose>
		<truncated>1</truncated>
		<difficult>0</difficult>
		<bndbox>
			<xmin>18</xmin>
			<ymin>11</ymin>
			<xmax>999</xmax>
			<ymax>646</ymax>
		</bndbox>
	</object>
</annotation>
