<annotation>
	<folder>Boots</folder>
	<filename>0000099.jpg</filename>
	<path>/home/yogeshwar/Downloads/Raw/Boots/0000099.jpg</path>
	<source>
		<database>Unknown</database>
	</source>
	<size>
		<width>1784</width>
		<height>1000</height>
		<depth>3</depth>
	</size>
	<segmented>0</segmented>
	<object>
		<name>Boots</name>
		<pose>Unspecified</pose>
		<truncated>1</truncated>
		<difficult>0</difficult>
		<bndbox>
			<xmin>6</xmin>
			<ymin>4</ymin>
			<xmax>1780</xmax>
			<ymax>1000</ymax>
		</bndbox>
	</object>
</annotation>
