<annotation>
	<folder>Boots</folder>
	<filename>000091.jpg</filename>
	<path>/home/yogeshwar/Downloads/Raw/Boots/000091.jpg</path>
	<source>
		<database>Unknown</database>
	</source>
	<size>
		<width>2000</width>
		<height>2000</height>
		<depth>3</depth>
	</size>
	<segmented>0</segmented>
	<object>
		<name>Boots</name>
		<pose>Unspecified</pose>
		<truncated>0</truncated>
		<difficult>0</difficult>
		<bndbox>
			<xmin>645</xmin>
			<ymin>671</ymin>
			<xmax>1868</xmax>
			<ymax>1871</ymax>
		</bndbox>
	</object>
	<object>
		<name>Boots</name>
		<pose>Unspecified</pose>
		<truncated>0</truncated>
		<difficult>0</difficult>
		<bndbox>
			<xmin>153</xmin>
			<ymin>217</ymin>
			<xmax>1176</xmax>
			<ymax>1014</ymax>
		</bndbox>
	</object>
</annotation>
