<annotation>
	<folder>Boots</folder>
	<filename>000003.jpg</filename>
	<path>/home/yogeshwar/Downloads/Raw/Boots/000003.jpg</path>
	<source>
		<database>Unknown</database>
	</source>
	<size>
		<width>1149</width>
		<height>1001</height>
		<depth>3</depth>
	</size>
	<segmented>0</segmented>
	<object>
		<name>Boots</name>
		<pose>Unspecified</pose>
		<truncated>1</truncated>
		<difficult>0</difficult>
		<bndbox>
			<xmin>12</xmin>
			<ymin>9</ymin>
			<xmax>1139</xmax>
			<ymax>1001</ymax>
		</bndbox>
	</object>
</annotation>
