<annotation>
	<folder>Boots</folder>
	<filename>00001111.jpg</filename>
	<path>/home/yogeshwar/Downloads/Raw/Boots/00001111.jpg</path>
	<source>
		<database>Unknown</database>
	</source>
	<size>
		<width>640</width>
		<height>640</height>
		<depth>3</depth>
	</size>
	<segmented>0</segmented>
	<object>
		<name>Boots</name>
		<pose>Unspecified</pose>
		<truncated>1</truncated>
		<difficult>0</difficult>
		<bndbox>
			<xmin>5</xmin>
			<ymin>4</ymin>
			<xmax>618</xmax>
			<ymax>640</ymax>
		</bndbox>
	</object>
</annotation>
