<annotation>
	<folder>Boots</folder>
	<filename>00001212.jpg</filename>
	<path>/home/yogeshwar/Downloads/Raw/Boots/00001212.jpg</path>
	<source>
		<database>Unknown</database>
	</source>
	<size>
		<width>1271</width>
		<height>1600</height>
		<depth>3</depth>
	</size>
	<segmented>0</segmented>
	<object>
		<name>Boots</name>
		<pose>Unspecified</pose>
		<truncated>1</truncated>
		<difficult>0</difficult>
		<bndbox>
			<xmin>23</xmin>
			<ymin>23</ymin>
			<xmax>1265</xmax>
			<ymax>1600</ymax>
		</bndbox>
	</object>
</annotation>
