<annotation>
	<folder>Boots</folder>
	<filename>0000044.jpg</filename>
	<path>/home/yogeshwar/Downloads/Raw/Boots/0000044.jpg</path>
	<source>
		<database>Unknown</database>
	</source>
	<size>
		<width>1600</width>
		<height>1019</height>
		<depth>3</depth>
	</size>
	<segmented>0</segmented>
	<object>
		<name>Boots</name>
		<pose>Unspecified</pose>
		<truncated>1</truncated>
		<difficult>0</difficult>
		<bndbox>
			<xmin>16</xmin>
			<ymin>20</ymin>
			<xmax>1600</xmax>
			<ymax>1008</ymax>
		</bndbox>
	</object>
</annotation>
