<annotation>
	<folder>Boots</folder>
	<filename>000088.jpeg</filename>
	<path>/home/yogeshwar/Downloads/Raw/Boots/000088.jpeg</path>
	<source>
		<database>Unknown</database>
	</source>
	<size>
		<width>1280</width>
		<height>1600</height>
		<depth>3</depth>
	</size>
	<segmented>0</segmented>
	<object>
		<name>Boots</name>
		<pose>Unspecified</pose>
		<truncated>0</truncated>
		<difficult>0</difficult>
		<bndbox>
			<xmin>51</xmin>
			<ymin>537</ymin>
			<xmax>1242</xmax>
			<ymax>1553</ymax>
		</bndbox>
	</object>
</annotation>
