<annotation>
	<folder>Boots</folder>
	<filename>00002191.jpg</filename>
	<path>/home/yogeshwar/Downloads/Raw/Boots/00002191.jpg</path>
	<source>
		<database>Unknown</database>
	</source>
	<size>
		<width>350</width>
		<height>350</height>
		<depth>3</depth>
	</size>
	<segmented>0</segmented>
	<object>
		<name>Boots</name>
		<pose>Unspecified</pose>
		<truncated>1</truncated>
		<difficult>0</difficult>
		<bndbox>
			<xmin>4</xmin>
			<ymin>107</ymin>
			<xmax>350</xmax>
			<ymax>340</ymax>
		</bndbox>
	</object>
</annotation>
