<annotation>
	<folder>Boots</folder>
	<filename>00003231.jpg</filename>
	<path>/home/yogeshwar/Downloads/Raw/Boots/00003231.jpg</path>
	<source>
		<database>Unknown</database>
	</source>
	<size>
		<width>512</width>
		<height>512</height>
		<depth>3</depth>
	</size>
	<segmented>0</segmented>
	<object>
		<name>Boots</name>
		<pose>Unspecified</pose>
		<truncated>0</truncated>
		<difficult>0</difficult>
		<bndbox>
			<xmin>16</xmin>
			<ymin>23</ymin>
			<xmax>506</xmax>
			<ymax>499</ymax>
		</bndbox>
	</object>
</annotation>
