<annotation>
	<folder>Boots</folder>
	<filename>000002.jpg</filename>
	<path>/home/yogeshwar/Downloads/Raw/Boots/000002.jpg</path>
	<source>
		<database>Unknown</database>
	</source>
	<size>
		<width>1280</width>
		<height>1024</height>
		<depth>3</depth>
	</size>
	<segmented>0</segmented>
	<object>
		<name>Boots</name>
		<pose>Unspecified</pose>
		<truncated>0</truncated>
		<difficult>0</difficult>
		<bndbox>
			<xmin>6</xmin>
			<ymin>3</ymin>
			<xmax>1269</xmax>
			<ymax>1021</ymax>
		</bndbox>
	</object>
</annotation>
