<annotation>
	<folder>Boots</folder>
	<filename>000093.JPG</filename>
	<path>/home/yogeshwar/Downloads/Raw/Boots/000093.JPG</path>
	<source>
		<database>Unknown</database>
	</source>
	<size>
		<width>180</width>
		<height>200</height>
		<depth>3</depth>
	</size>
	<segmented>0</segmented>
	<object>
		<name>Boots</name>
		<pose>Unspecified</pose>
		<truncated>1</truncated>
		<difficult>0</difficult>
		<bndbox>
			<xmin>5</xmin>
			<ymin>59</ymin>
			<xmax>180</xmax>
			<ymax>197</ymax>
		</bndbox>
	</object>
</annotation>
