<annotation>
	<folder>Boots</folder>
	<filename>0000011.jpg</filename>
	<path>/home/yogeshwar/Downloads/Raw/Boots/0000011.jpg</path>
	<source>
		<database>Unknown</database>
	</source>
	<size>
		<width>1280</width>
		<height>1024</height>
		<depth>3</depth>
	</size>
	<segmented>0</segmented>
	<object>
		<name>Boots</name>
		<pose>Unspecified</pose>
		<truncated>0</truncated>
		<difficult>0</difficult>
		<bndbox>
			<xmin>7</xmin>
			<ymin>12</ymin>
			<xmax>1263</xmax>
			<ymax>1012</ymax>
		</bndbox>
	</object>
</annotation>
