<annotation>
	<folder>Boots</folder>
	<filename>00007774.jpg</filename>
	<path>/home/yogeshwar/Downloads/Raw/Boots/00007774.jpg</path>
	<source>
		<database>Unknown</database>
	</source>
	<size>
		<width>600</width>
		<height>438</height>
		<depth>3</depth>
	</size>
	<segmented>0</segmented>
	<object>
		<name>Boots</name>
		<pose>Unspecified</pose>
		<truncated>0</truncated>
		<difficult>0</difficult>
		<bndbox>
			<xmin>33</xmin>
			<ymin>39</ymin>
			<xmax>582</xmax>
			<ymax>364</ymax>
		</bndbox>
	</object>
</annotation>
