<annotation>
	<folder>Boots</folder>
	<filename>00001313.jpg</filename>
	<path>/home/yogeshwar/Downloads/Raw/Boots/00001313.jpg</path>
	<source>
		<database>Unknown</database>
	</source>
	<size>
		<width>395</width>
		<height>263</height>
		<depth>3</depth>
	</size>
	<segmented>0</segmented>
	<object>
		<name>Boots</name>
		<pose>Unspecified</pose>
		<truncated>0</truncated>
		<difficult>0</difficult>
		<bndbox>
			<xmin>6</xmin>
			<ymin>3</ymin>
			<xmax>386</xmax>
			<ymax>245</ymax>
		</bndbox>
	</object>
</annotation>
