<annotation>
	<folder>Boots</folder>
	<filename>000006.jpg</filename>
	<path>/home/yogeshwar/Downloads/Raw/Boots/000006.jpg</path>
	<source>
		<database>Unknown</database>
	</source>
	<size>
		<width>330</width>
		<height>330</height>
		<depth>3</depth>
	</size>
	<segmented>0</segmented>
	<object>
		<name>Boots</name>
		<pose>Unspecified</pose>
		<truncated>0</truncated>
		<difficult>0</difficult>
		<bndbox>
			<xmin>12</xmin>
			<ymin>26</ymin>
			<xmax>308</xmax>
			<ymax>304</ymax>
		</bndbox>
	</object>
</annotation>
