<annotation>
	<folder>Boots</folder>
	<filename>000049.jpg</filename>
	<path>/home/yogeshwar/Downloads/Raw/Boots/000049.jpg</path>
	<source>
		<database>Unknown</database>
	</source>
	<size>
		<width>515</width>
		<height>515</height>
		<depth>3</depth>
	</size>
	<segmented>0</segmented>
	<object>
		<name>Boots</name>
		<pose>Unspecified</pose>
		<truncated>0</truncated>
		<difficult>0</difficult>
		<bndbox>
			<xmin>15</xmin>
			<ymin>18</ymin>
			<xmax>507</xmax>
			<ymax>495</ymax>
		</bndbox>
	</object>
</annotation>
