<annotation>
	<folder>Boots</folder>
	<filename>00005048.jpg</filename>
	<path>/home/yogeshwar/Downloads/Raw/Boots/00005048.jpg</path>
	<source>
		<database>Unknown</database>
	</source>
	<size>
		<width>340</width>
		<height>340</height>
		<depth>3</depth>
	</size>
	<segmented>0</segmented>
	<object>
		<name>Boots</name>
		<pose>Unspecified</pose>
		<truncated>1</truncated>
		<difficult>0</difficult>
		<bndbox>
			<xmin>1</xmin>
			<ymin>71</ymin>
			<xmax>340</xmax>
			<ymax>267</ymax>
		</bndbox>
	</object>
</annotation>
