<annotation>
	<folder>Boots</folder>
	<filename>000065.jpg</filename>
	<path>/home/yogeshwar/Downloads/Raw/Boots/000065.jpg</path>
	<source>
		<database>Unknown</database>
	</source>
	<size>
		<width>900</width>
		<height>900</height>
		<depth>3</depth>
	</size>
	<segmented>0</segmented>
	<object>
		<name>Boots</name>
		<pose>Unspecified</pose>
		<truncated>1</truncated>
		<difficult>0</difficult>
		<bndbox>
			<xmin>77</xmin>
			<ymin>1</ymin>
			<xmax>817</xmax>
			<ymax>899</ymax>
		</bndbox>
	</object>
</annotation>
