<annotation>
	<folder>Boots</folder>
	<filename>000031.jpg</filename>
	<path>/home/yogeshwar/Downloads/Raw/Boots/000031.jpg</path>
	<source>
		<database>Unknown</database>
	</source>
	<size>
		<width>1800</width>
		<height>1336</height>
		<depth>3</depth>
	</size>
	<segmented>0</segmented>
	<object>
		<name>Boots</name>
		<pose>Unspecified</pose>
		<truncated>0</truncated>
		<difficult>0</difficult>
		<bndbox>
			<xmin>46</xmin>
			<ymin>64</ymin>
			<xmax>1762</xmax>
			<ymax>1284</ymax>
		</bndbox>
	</object>
</annotation>
