<annotation>
	<folder>Boots</folder>
	<filename>00007168.jpg</filename>
	<path>/home/yogeshwar/Downloads/Raw/Boots/00007168.jpg</path>
	<source>
		<database>Unknown</database>
	</source>
	<size>
		<width>1500</width>
		<height>1500</height>
		<depth>3</depth>
	</size>
	<segmented>0</segmented>
	<object>
		<name>Boots</name>
		<pose>Unspecified</pose>
		<truncated>0</truncated>
		<difficult>0</difficult>
		<bndbox>
			<xmin>250</xmin>
			<ymin>104</ymin>
			<xmax>1265</xmax>
			<ymax>1398</ymax>
		</bndbox>
	</object>
</annotation>
