<annotation>
	<folder>Boots</folder>
	<filename>000080.jpg</filename>
	<path>/home/yogeshwar/Downloads/Raw/Boots/000080.jpg</path>
	<source>
		<database>Unknown</database>
	</source>
	<size>
		<width>900</width>
		<height>900</height>
		<depth>3</depth>
	</size>
	<segmented>0</segmented>
	<object>
		<name>Boots</name>
		<pose>Unspecified</pose>
		<truncated>0</truncated>
		<difficult>0</difficult>
		<bndbox>
			<xmin>18</xmin>
			<ymin>148</ymin>
			<xmax>507</xmax>
			<ymax>827</ymax>
		</bndbox>
	</object>
</annotation>
