<annotation>
	<folder>Boots</folder>
	<filename>000051.png</filename>
	<path>/home/yogeshwar/Downloads/Raw/Boots/000051.png</path>
	<source>
		<database>Unknown</database>
	</source>
	<size>
		<width>300</width>
		<height>227</height>
		<depth>3</depth>
	</size>
	<segmented>0</segmented>
	<object>
		<name>Boots</name>
		<pose>Unspecified</pose>
		<truncated>0</truncated>
		<difficult>0</difficult>
		<bndbox>
			<xmin>31</xmin>
			<ymin>14</ymin>
			<xmax>278</xmax>
			<ymax>215</ymax>
		</bndbox>
	</object>
</annotation>
