<annotation>
	<folder>Boots</folder>
	<filename>000082.jpg</filename>
	<path>/home/yogeshwar/Downloads/Raw/Boots/000082.jpg</path>
	<source>
		<database>Unknown</database>
	</source>
	<size>
		<width>1500</width>
		<height>905</height>
		<depth>3</depth>
	</size>
	<segmented>0</segmented>
	<object>
		<name>Boots</name>
		<pose>Unspecified</pose>
		<truncated>1</truncated>
		<difficult>0</difficult>
		<bndbox>
			<xmin>1</xmin>
			<ymin>9</ymin>
			<xmax>1483</xmax>
			<ymax>905</ymax>
		</bndbox>
	</object>
</annotation>
