<annotation>
	<folder>Boots</folder>
	<filename>0000066.jpg</filename>
	<path>/home/yogeshwar/Downloads/Raw/Boots/0000066.jpg</path>
	<source>
		<database>Unknown</database>
	</source>
	<size>
		<width>360</width>
		<height>360</height>
		<depth>3</depth>
	</size>
	<segmented>0</segmented>
	<object>
		<name>Boots</name>
		<pose>Unspecified</pose>
		<truncated>0</truncated>
		<difficult>0</difficult>
		<bndbox>
			<xmin>10</xmin>
			<ymin>13</ymin>
			<xmax>354</xmax>
			<ymax>325</ymax>
		</bndbox>
	</object>
</annotation>
