<annotation>
	<folder>Boots</folder>
	<filename>0000022.jpg</filename>
	<path>/home/yogeshwar/Downloads/Raw/Boots/0000022.jpg</path>
	<source>
		<database>Unknown</database>
	</source>
	<size>
		<width>700</width>
		<height>600</height>
		<depth>3</depth>
	</size>
	<segmented>0</segmented>
	<object>
		<name>Boots</name>
		<pose>Unspecified</pose>
		<truncated>0</truncated>
		<difficult>0</difficult>
		<bndbox>
			<xmin>15</xmin>
			<ymin>7</ymin>
			<xmax>686</xmax>
			<ymax>571</ymax>
		</bndbox>
	</object>
</annotation>
