<annotation>
	<folder>Boots</folder>
	<filename>000046.png</filename>
	<path>/home/yogeshwar/Downloads/Raw/Boots/000046.png</path>
	<source>
		<database>Unknown</database>
	</source>
	<size>
		<width>700</width>
		<height>530</height>
		<depth>3</depth>
	</size>
	<segmented>0</segmented>
	<object>
		<name>Boots</name>
		<pose>Unspecified</pose>
		<truncated>0</truncated>
		<difficult>0</difficult>
		<bndbox>
			<xmin>62</xmin>
			<ymin>74</ymin>
			<xmax>647</xmax>
			<ymax>497</ymax>
		</bndbox>
	</object>
</annotation>
