<annotation>
	<folder>Boots</folder>
	<filename>000043.jpg</filename>
	<path>/home/yogeshwar/Downloads/Raw/Boots/000043.jpg</path>
	<source>
		<database>Unknown</database>
	</source>
	<size>
		<width>400</width>
		<height>248</height>
		<depth>3</depth>
	</size>
	<segmented>0</segmented>
	<object>
		<name>Boots</name>
		<pose>Unspecified</pose>
		<truncated>0</truncated>
		<difficult>0</difficult>
		<bndbox>
			<xmin>36</xmin>
			<ymin>13</ymin>
			<xmax>356</xmax>
			<ymax>243</ymax>
		</bndbox>
	</object>
</annotation>
