<annotation>
	<folder>Boots</folder>
	<filename>00008986.jpg</filename>
	<path>/home/yogeshwar/Downloads/Raw/Boots/00008986.jpg</path>
	<source>
		<database>Unknown</database>
	</source>
	<size>
		<width>600</width>
		<height>600</height>
		<depth>3</depth>
	</size>
	<segmented>0</segmented>
	<object>
		<name>Boots</name>
		<pose>Unspecified</pose>
		<truncated>0</truncated>
		<difficult>0</difficult>
		<bndbox>
			<xmin>24</xmin>
			<ymin>50</ymin>
			<xmax>594</xmax>
			<ymax>545</ymax>
		</bndbox>
	</object>
</annotation>
