<annotation>
	<folder>Boots</folder>
	<filename>000011.jpeg</filename>
	<path>/home/yogeshwar/Downloads/Raw/Boots/000011.jpeg</path>
	<source>
		<database>Unknown</database>
	</source>
	<size>
		<width>1122</width>
		<height>1122</height>
		<depth>3</depth>
	</size>
	<segmented>0</segmented>
	<object>
		<name>Boots</name>
		<pose>Unspecified</pose>
		<truncated>1</truncated>
		<difficult>0</difficult>
		<bndbox>
			<xmin>13</xmin>
			<ymin>25</ymin>
			<xmax>1122</xmax>
			<ymax>995</ymax>
		</bndbox>
	</object>
</annotation>
