<annotation>
	<folder>Boots</folder>
	<filename>000022.png</filename>
	<path>/home/yogeshwar/Downloads/Raw/Boots/000022.png</path>
	<source>
		<database>Unknown</database>
	</source>
	<size>
		<width>886</width>
		<height>768</height>
		<depth>3</depth>
	</size>
	<segmented>0</segmented>
	<object>
		<name>Boots</name>
		<pose>Unspecified</pose>
		<truncated>0</truncated>
		<difficult>0</difficult>
		<bndbox>
			<xmin>15</xmin>
			<ymin>44</ymin>
			<xmax>862</xmax>
			<ymax>757</ymax>
		</bndbox>
	</object>
</annotation>
