<annotation>
	<folder>Boots</folder>
	<filename>00006461.jpg</filename>
	<path>/home/yogeshwar/Downloads/Raw/Boots/00006461.jpg</path>
	<source>
		<database>Unknown</database>
	</source>
	<size>
		<width>373</width>
		<height>303</height>
		<depth>3</depth>
	</size>
	<segmented>0</segmented>
	<object>
		<name>Boots</name>
		<pose>Unspecified</pose>
		<truncated>0</truncated>
		<difficult>0</difficult>
		<bndbox>
			<xmin>10</xmin>
			<ymin>18</ymin>
			<xmax>372</xmax>
			<ymax>301</ymax>
		</bndbox>
	</object>
</annotation>
