<annotation>
	<folder>Boots</folder>
	<filename>0000055.jpg</filename>
	<path>/home/yogeshwar/Downloads/Raw/Boots/0000055.jpg</path>
	<source>
		<database>Unknown</database>
	</source>
	<size>
		<width>300</width>
		<height>300</height>
		<depth>3</depth>
	</size>
	<segmented>0</segmented>
	<object>
		<name>Boots</name>
		<pose>Unspecified</pose>
		<truncated>0</truncated>
		<difficult>0</difficult>
		<bndbox>
			<xmin>7</xmin>
			<ymin>5</ymin>
			<xmax>296</xmax>
			<ymax>277</ymax>
		</bndbox>
	</object>
</annotation>
