<annotation>
	<folder>Boots</folder>
	<filename>00007976.jpg</filename>
	<path>/home/yogeshwar/Downloads/Raw/Boots/00007976.jpg</path>
	<source>
		<database>Unknown</database>
	</source>
	<size>
		<width>511</width>
		<height>301</height>
		<depth>3</depth>
	</size>
	<segmented>0</segmented>
	<object>
		<name>Boots</name>
		<pose>Unspecified</pose>
		<truncated>0</truncated>
		<difficult>0</difficult>
		<bndbox>
			<xmin>42</xmin>
			<ymin>29</ymin>
			<xmax>481</xmax>
			<ymax>251</ymax>
		</bndbox>
	</object>
</annotation>
