<annotation>
	<folder>Boots</folder>
	<filename>000090.JPG</filename>
	<path>/home/yogeshwar/Downloads/Raw/Boots/000090.JPG</path>
	<source>
		<database>Unknown</database>
	</source>
	<size>
		<width>640</width>
		<height>480</height>
		<depth>3</depth>
	</size>
	<segmented>0</segmented>
	<object>
		<name>Boots</name>
		<pose>Unspecified</pose>
		<truncated>0</truncated>
		<difficult>0</difficult>
		<bndbox>
			<xmin>53</xmin>
			<ymin>125</ymin>
			<xmax>555</xmax>
			<ymax>469</ymax>
		</bndbox>
	</object>
</annotation>
