<annotation>
	<folder>Boots</folder>
	<filename>000015.jpg</filename>
	<path>/home/yogeshwar/Downloads/Raw/Boots/000015.jpg</path>
	<source>
		<database>Unknown</database>
	</source>
	<size>
		<width>1024</width>
		<height>771</height>
		<depth>3</depth>
	</size>
	<segmented>0</segmented>
	<object>
		<name>Boots</name>
		<pose>Unspecified</pose>
		<truncated>0</truncated>
		<difficult>0</difficult>
		<bndbox>
			<xmin>37</xmin>
			<ymin>10</ymin>
			<xmax>1004</xmax>
			<ymax>757</ymax>
		</bndbox>
	</object>
</annotation>
