<annotation>
	<folder>Boots</folder>
	<filename>0000088.jpg</filename>
	<path>/home/yogeshwar/Downloads/Raw/Boots/0000088.jpg</path>
	<source>
		<database>Unknown</database>
	</source>
	<size>
		<width>800</width>
		<height>670</height>
		<depth>3</depth>
	</size>
	<segmented>0</segmented>
	<object>
		<name>Boots</name>
		<pose>Unspecified</pose>
		<truncated>0</truncated>
		<difficult>0</difficult>
		<bndbox>
			<xmin>47</xmin>
			<ymin>10</ymin>
			<xmax>764</xmax>
			<ymax>640</ymax>
		</bndbox>
	</object>
</annotation>
