<annotation>
	<folder>Boots</folder>
	<filename>000083.jpg</filename>
	<path>/home/yogeshwar/Downloads/Raw/Boots/000083.jpg</path>
	<source>
		<database>Unknown</database>
	</source>
	<size>
		<width>500</width>
		<height>623</height>
		<depth>3</depth>
	</size>
	<segmented>0</segmented>
	<object>
		<name>Boots</name>
		<pose>Unspecified</pose>
		<truncated>0</truncated>
		<difficult>0</difficult>
		<bndbox>
			<xmin>17</xmin>
			<ymin>209</ymin>
			<xmax>483</xmax>
			<ymax>597</ymax>
		</bndbox>
	</object>
</annotation>
