<annotation>
	<folder>Boots</folder>
	<filename>000098101.jpg</filename>
	<path>/home/yogeshwar/Downloads/Raw/Boots/000098101.jpg</path>
	<source>
		<database>Unknown</database>
	</source>
	<size>
		<width>225</width>
		<height>225</height>
		<depth>3</depth>
	</size>
	<segmented>0</segmented>
	<object>
		<name>Boots</name>
		<pose>Unspecified</pose>
		<truncated>0</truncated>
		<difficult>0</difficult>
		<bndbox>
			<xmin>58</xmin>
			<ymin>19</ymin>
			<xmax>224</xmax>
			<ymax>209</ymax>
		</bndbox>
	</object>
</annotation>
