<annotation>
	<folder>Boots</folder>
	<filename>00003332.jpg</filename>
	<path>/home/yogeshwar/Downloads/Raw/Boots/00003332.jpg</path>
	<source>
		<database>Unknown</database>
	</source>
	<size>
		<width>500</width>
		<height>500</height>
		<depth>3</depth>
	</size>
	<segmented>0</segmented>
	<object>
		<name>Boots</name>
		<pose>Unspecified</pose>
		<truncated>0</truncated>
		<difficult>0</difficult>
		<bndbox>
			<xmin>84</xmin>
			<ymin>87</ymin>
			<xmax>463</xmax>
			<ymax>410</ymax>
		</bndbox>
	</object>
</annotation>
