<annotation>
	<folder>Boots</folder>
	<filename>00006360.jpg</filename>
	<path>/home/yogeshwar/Downloads/Raw/Boots/00006360.jpg</path>
	<source>
		<database>Unknown</database>
	</source>
	<size>
		<width>500</width>
		<height>500</height>
		<depth>3</depth>
	</size>
	<segmented>0</segmented>
	<object>
		<name>Boots</name>
		<pose>Unspecified</pose>
		<truncated>1</truncated>
		<difficult>0</difficult>
		<bndbox>
			<xmin>1</xmin>
			<ymin>86</ymin>
			<xmax>499</xmax>
			<ymax>444</ymax>
		</bndbox>
	</object>
</annotation>
