<annotation>
	<folder>Boots</folder>
	<filename>000099102.jpg</filename>
	<path>/home/yogeshwar/Downloads/Raw/Boots/000099102.jpg</path>
	<source>
		<database>Unknown</database>
	</source>
	<size>
		<width>1025</width>
		<height>1400</height>
		<depth>3</depth>
	</size>
	<segmented>0</segmented>
	<object>
		<name>Boots</name>
		<pose>Unspecified</pose>
		<truncated>0</truncated>
		<difficult>0</difficult>
		<bndbox>
			<xmin>70</xmin>
			<ymin>756</ymin>
			<xmax>1016</xmax>
			<ymax>1368</ymax>
		</bndbox>
	</object>
</annotation>
