<annotation>
	<folder>Boots</folder>
	<filename>00002020.jpg</filename>
	<path>/home/yogeshwar/Downloads/Raw/Boots/00002020.jpg</path>
	<source>
		<database>Unknown</database>
	</source>
	<size>
		<width>864</width>
		<height>549</height>
		<depth>3</depth>
	</size>
	<segmented>0</segmented>
	<object>
		<name>Boots</name>
		<pose>Unspecified</pose>
		<truncated>0</truncated>
		<difficult>0</difficult>
		<bndbox>
			<xmin>25</xmin>
			<ymin>39</ymin>
			<xmax>842</xmax>
			<ymax>528</ymax>
		</bndbox>
	</object>
</annotation>
