<annotation>
	<folder>Boots</folder>
	<filename>00006966.jpg</filename>
	<path>/home/yogeshwar/Downloads/Raw/Boots/00006966.jpg</path>
	<source>
		<database>Unknown</database>
	</source>
	<size>
		<width>854</width>
		<height>854</height>
		<depth>3</depth>
	</size>
	<segmented>0</segmented>
	<object>
		<name>Boots</name>
		<pose>Unspecified</pose>
		<truncated>0</truncated>
		<difficult>0</difficult>
		<bndbox>
			<xmin>218</xmin>
			<ymin>192</ymin>
			<xmax>636</xmax>
			<ymax>648</ymax>
		</bndbox>
	</object>
</annotation>
