<annotation>
	<folder>Boots</folder>
	<filename>0000033.jpg</filename>
	<path>/home/yogeshwar/Downloads/Raw/Boots/0000033.jpg</path>
	<source>
		<database>Unknown</database>
	</source>
	<size>
		<width>2480</width>
		<height>1588</height>
		<depth>3</depth>
	</size>
	<segmented>0</segmented>
	<object>
		<name>Boots</name>
		<pose>Unspecified</pose>
		<truncated>1</truncated>
		<difficult>0</difficult>
		<bndbox>
			<xmin>31</xmin>
			<ymin>27</ymin>
			<xmax>2465</xmax>
			<ymax>1588</ymax>
		</bndbox>
	</object>
</annotation>
