<annotation>
	<folder>Boots</folder>
	<filename>00009188.jpg</filename>
	<path>/home/yogeshwar/Downloads/Raw/Boots/00009188.jpg</path>
	<source>
		<database>Unknown</database>
	</source>
	<size>
		<width>270</width>
		<height>270</height>
		<depth>3</depth>
	</size>
	<segmented>0</segmented>
	<object>
		<name>Boots</name>
		<pose>Unspecified</pose>
		<truncated>0</truncated>
		<difficult>0</difficult>
		<bndbox>
			<xmin>7</xmin>
			<ymin>38</ymin>
			<xmax>263</xmax>
			<ymax>219</ymax>
		</bndbox>
	</object>
</annotation>
