<annotation>
	<folder>Boots</folder>
	<filename>00008683.jpg</filename>
	<path>/home/yogeshwar/Downloads/Raw/Boots/00008683.jpg</path>
	<source>
		<database>Unknown</database>
	</source>
	<size>
		<width>800</width>
		<height>800</height>
		<depth>3</depth>
	</size>
	<segmented>0</segmented>
	<object>
		<name>Boots</name>
		<pose>Unspecified</pose>
		<truncated>0</truncated>
		<difficult>0</difficult>
		<bndbox>
			<xmin>17</xmin>
			<ymin>231</ymin>
			<xmax>794</xmax>
			<ymax>581</ymax>
		</bndbox>
	</object>
</annotation>
