<annotation>
	<folder>Boots</folder>
	<filename>00003433.jpg</filename>
	<path>/home/yogeshwar/Downloads/Raw/Boots/00003433.jpg</path>
	<source>
		<database>Unknown</database>
	</source>
	<size>
		<width>850</width>
		<height>995</height>
		<depth>3</depth>
	</size>
	<segmented>0</segmented>
	<object>
		<name>Boots</name>
		<pose>Unspecified</pose>
		<truncated>0</truncated>
		<difficult>0</difficult>
		<bndbox>
			<xmin>27</xmin>
			<ymin>227</ymin>
			<xmax>827</xmax>
			<ymax>837</ymax>
		</bndbox>
	</object>
</annotation>
