<annotation>
	<folder>Boots</folder>
	<filename>000058.jpg</filename>
	<path>/home/yogeshwar/Downloads/Raw/Boots/000058.jpg</path>
	<source>
		<database>Unknown</database>
	</source>
	<size>
		<width>3868</width>
		<height>3481</height>
		<depth>3</depth>
	</size>
	<segmented>0</segmented>
	<object>
		<name>Boots</name>
		<pose>Unspecified</pose>
		<truncated>1</truncated>
		<difficult>0</difficult>
		<bndbox>
			<xmin>164</xmin>
			<ymin>330</ymin>
			<xmax>3762</xmax>
			<ymax>3481</ymax>
		</bndbox>
	</object>
</annotation>
