<annotation>
	<folder>Boots</folder>
	<filename>00006259.jpg</filename>
	<path>/home/yogeshwar/Downloads/Raw/Boots/00006259.jpg</path>
	<source>
		<database>Unknown</database>
	</source>
	<size>
		<width>395</width>
		<height>209</height>
		<depth>3</depth>
	</size>
	<segmented>0</segmented>
	<object>
		<name>Boots</name>
		<pose>Unspecified</pose>
		<truncated>1</truncated>
		<difficult>0</difficult>
		<bndbox>
			<xmin>1</xmin>
			<ymin>2</ymin>
			<xmax>391</xmax>
			<ymax>209</ymax>
		</bndbox>
	</object>
</annotation>
