<annotation>
	<folder>Boots</folder>
	<filename>00008279.jpg</filename>
	<path>/home/yogeshwar/Downloads/Raw/Boots/00008279.jpg</path>
	<source>
		<database>Unknown</database>
	</source>
	<size>
		<width>500</width>
		<height>491</height>
		<depth>3</depth>
	</size>
	<segmented>0</segmented>
	<object>
		<name>Boots</name>
		<pose>Unspecified</pose>
		<truncated>0</truncated>
		<difficult>0</difficult>
		<bndbox>
			<xmin>88</xmin>
			<ymin>49</ymin>
			<xmax>388</xmax>
			<ymax>377</ymax>
		</bndbox>
	</object>
</annotation>
