<annotation>
	<folder>Boots</folder>
	<filename>000010.jpg</filename>
	<path>/home/yogeshwar/Downloads/Raw/Boots/000010.jpg</path>
	<source>
		<database>Unknown</database>
	</source>
	<size>
		<width>2000</width>
		<height>2000</height>
		<depth>3</depth>
	</size>
	<segmented>0</segmented>
	<object>
		<name>Boots</name>
		<pose>Unspecified</pose>
		<truncated>1</truncated>
		<difficult>0</difficult>
		<bndbox>
			<xmin>31</xmin>
			<ymin>14</ymin>
			<xmax>2000</xmax>
			<ymax>1971</ymax>
		</bndbox>
	</object>
</annotation>
