<annotation>
	<folder>Boots</folder>
	<filename>000062.jpg</filename>
	<path>/home/yogeshwar/Downloads/Raw/Boots/000062.jpg</path>
	<source>
		<database>Unknown</database>
	</source>
	<size>
		<width>800</width>
		<height>1200</height>
		<depth>3</depth>
	</size>
	<segmented>0</segmented>
	<object>
		<name>Boots</name>
		<pose>Unspecified</pose>
		<truncated>0</truncated>
		<difficult>0</difficult>
		<bndbox>
			<xmin>50</xmin>
			<ymin>229</ymin>
			<xmax>762</xmax>
			<ymax>1068</ymax>
		</bndbox>
	</object>
</annotation>
