<annotation>
	<folder>Boots</folder>
	<filename>00007673.jpg</filename>
	<path>/home/yogeshwar/Downloads/Raw/Boots/00007673.jpg</path>
	<source>
		<database>Unknown</database>
	</source>
	<size>
		<width>2348</width>
		<height>986</height>
		<depth>3</depth>
	</size>
	<segmented>0</segmented>
	<object>
		<name>Boots</name>
		<pose>Unspecified</pose>
		<truncated>0</truncated>
		<difficult>0</difficult>
		<bndbox>
			<xmin>503</xmin>
			<ymin>192</ymin>
			<xmax>1937</xmax>
			<ymax>758</ymax>
		</bndbox>
	</object>
</annotation>
