<annotation>
	<folder>Boots</folder>
	<filename>000096.jpg</filename>
	<path>/home/yogeshwar/Downloads/Raw/Boots/000096.jpg</path>
	<source>
		<database>Unknown</database>
	</source>
	<size>
		<width>700</width>
		<height>700</height>
		<depth>3</depth>
	</size>
	<segmented>0</segmented>
	<object>
		<name>Boots</name>
		<pose>Unspecified</pose>
		<truncated>0</truncated>
		<difficult>0</difficult>
		<bndbox>
			<xmin>116</xmin>
			<ymin>197</ymin>
			<xmax>624</xmax>
			<ymax>684</ymax>
		</bndbox>
	</object>
</annotation>
