<annotation>
	<folder>Boots</folder>
	<filename>00005351.jpg</filename>
	<path>/home/yogeshwar/Downloads/Raw/Boots/00005351.jpg</path>
	<source>
		<database>Unknown</database>
	</source>
	<size>
		<width>450</width>
		<height>320</height>
		<depth>3</depth>
	</size>
	<segmented>0</segmented>
	<object>
		<name>Boots</name>
		<pose>Unspecified</pose>
		<truncated>1</truncated>
		<difficult>0</difficult>
		<bndbox>
			<xmin>1</xmin>
			<ymin>67</ymin>
			<xmax>311</xmax>
			<ymax>285</ymax>
		</bndbox>
	</object>
</annotation>
