<annotation>
	<folder>Boots</folder>
	<filename>000060.jpg</filename>
	<path>/home/yogeshwar/Downloads/Raw/Boots/000060.jpg</path>
	<source>
		<database>Unknown</database>
	</source>
	<size>
		<width>1000</width>
		<height>1000</height>
		<depth>3</depth>
	</size>
	<segmented>0</segmented>
	<object>
		<name>Boots</name>
		<pose>Unspecified</pose>
		<truncated>0</truncated>
		<difficult>0</difficult>
		<bndbox>
			<xmin>192</xmin>
			<ymin>291</ymin>
			<xmax>840</xmax>
			<ymax>727</ymax>
		</bndbox>
	</object>
</annotation>
