<annotation>
	<folder>Boots</folder>
	<filename>00004192.jpg</filename>
	<path>/home/yogeshwar/Downloads/Raw/Boots/00004192.jpg</path>
	<source>
		<database>Unknown</database>
	</source>
	<size>
		<width>0</width>
		<height>0</height>
		<depth>3</depth>
	</size>
	<segmented>0</segmented>
	<object>
		<name>Boots</name>
		<pose>Unspecified</pose>
		<truncated>0</truncated>
		<difficult>0</difficult>
		<bndbox>
			<xmin>9</xmin>
			<ymin>59</ymin>
			<xmax>500</xmax>
			<ymax>460</ymax>
		</bndbox>
	</object>
</annotation>
