<annotation>
	<folder>Boots</folder>
	<filename>000191191.jpg</filename>
	<path>/home/yogeshwar/Downloads/Raw/Boots/000191191.jpg</path>
	<source>
		<database>Unknown</database>
	</source>
	<size>
		<width>1000</width>
		<height>1000</height>
		<depth>3</depth>
	</size>
	<segmented>0</segmented>
	<object>
		<name>Boots</name>
		<pose>Unspecified</pose>
		<truncated>0</truncated>
		<difficult>0</difficult>
		<bndbox>
			<xmin>134</xmin>
			<ymin>271</ymin>
			<xmax>872</xmax>
			<ymax>739</ymax>
		</bndbox>
	</object>
</annotation>
