<annotation>
	<folder>Boots</folder>
	<filename>000182182.jpg</filename>
	<path>/home/yogeshwar/Downloads/Raw/Boots/000182182.jpg</path>
	<source>
		<database>Unknown</database>
	</source>
	<size>
		<width>236</width>
		<height>272</height>
		<depth>3</depth>
	</size>
	<segmented>0</segmented>
	<object>
		<name>Boots</name>
		<pose>Unspecified</pose>
		<truncated>1</truncated>
		<difficult>0</difficult>
		<bndbox>
			<xmin>6</xmin>
			<ymin>122</ymin>
			<xmax>236</xmax>
			<ymax>246</ymax>
		</bndbox>
	</object>
</annotation>
