<annotation>
	<folder>Boots</folder>
	<filename>000137139.jpg</filename>
	<path>/home/yogeshwar/Downloads/Raw/Boots/000137139.jpg</path>
	<source>
		<database>Unknown</database>
	</source>
	<size>
		<width>441</width>
		<height>364</height>
		<depth>3</depth>
	</size>
	<segmented>0</segmented>
	<object>
		<name>Boots</name>
		<pose>Unspecified</pose>
		<truncated>0</truncated>
		<difficult>0</difficult>
		<bndbox>
			<xmin>31</xmin>
			<ymin>132</ymin>
			<xmax>400</xmax>
			<ymax>274</ymax>
		</bndbox>
	</object>
</annotation>
