<annotation>
	<folder>Boots</folder>
	<filename>000138140.jpg</filename>
	<path>/home/yogeshwar/Downloads/Raw/Boots/000138140.jpg</path>
	<source>
		<database>Unknown</database>
	</source>
	<size>
		<width>731</width>
		<height>701</height>
		<depth>3</depth>
	</size>
	<segmented>0</segmented>
	<object>
		<name>Boots</name>
		<pose>Unspecified</pose>
		<truncated>0</truncated>
		<difficult>0</difficult>
		<bndbox>
			<xmin>20</xmin>
			<ymin>51</ymin>
			<xmax>629</xmax>
			<ymax>648</ymax>
		</bndbox>
	</object>
</annotation>
