<annotation>
	<folder>Boots</folder>
	<filename>000131133.jpg</filename>
	<path>/home/yogeshwar/Downloads/Raw/Boots/000131133.jpg</path>
	<source>
		<database>Unknown</database>
	</source>
	<size>
		<width>309</width>
		<height>350</height>
		<depth>3</depth>
	</size>
	<segmented>0</segmented>
	<object>
		<name>Boots</name>
		<pose>Unspecified</pose>
		<truncated>0</truncated>
		<difficult>0</difficult>
		<bndbox>
			<xmin>185</xmin>
			<ymin>77</ymin>
			<xmax>293</xmax>
			<ymax>323</ymax>
		</bndbox>
	</object>
</annotation>
