<annotation>
	<folder>Boots</folder>
	<filename>000142143.jpg</filename>
	<path>/home/yogeshwar/Downloads/Raw/Boots/000142143.jpg</path>
	<source>
		<database>Unknown</database>
	</source>
	<size>
		<width>274</width>
		<height>274</height>
		<depth>3</depth>
	</size>
	<segmented>0</segmented>
	<object>
		<name>Boots</name>
		<pose>Unspecified</pose>
		<truncated>0</truncated>
		<difficult>0</difficult>
		<bndbox>
			<xmin>3</xmin>
			<ymin>60</ymin>
			<xmax>257</xmax>
			<ymax>211</ymax>
		</bndbox>
	</object>
</annotation>
