<annotation>
	<folder>Boots</folder>
	<filename>000169170.jpg</filename>
	<path>/home/yogeshwar/Downloads/Raw/Boots/000169170.jpg</path>
	<source>
		<database>Unknown</database>
	</source>
	<size>
		<width>450</width>
		<height>358</height>
		<depth>3</depth>
	</size>
	<segmented>0</segmented>
	<object>
		<name>Boots</name>
		<pose>Unspecified</pose>
		<truncated>0</truncated>
		<difficult>0</difficult>
		<bndbox>
			<xmin>228</xmin>
			<ymin>74</ymin>
			<xmax>360</xmax>
			<ymax>303</ymax>
		</bndbox>
	</object>
</annotation>
