<annotation>
	<folder>Boots</folder>
	<filename>000121123.jpg</filename>
	<path>/home/yogeshwar/Downloads/Raw/Boots/000121123.jpg</path>
	<source>
		<database>Unknown</database>
	</source>
	<size>
		<width>600</width>
		<height>466</height>
		<depth>3</depth>
	</size>
	<segmented>0</segmented>
	<object>
		<name>Boots</name>
		<pose>Unspecified</pose>
		<truncated>0</truncated>
		<difficult>0</difficult>
		<bndbox>
			<xmin>62</xmin>
			<ymin>175</ymin>
			<xmax>560</xmax>
			<ymax>396</ymax>
		</bndbox>
	</object>
</annotation>
