<annotation>
	<folder>Boots</folder>
	<filename>000177177.jpg</filename>
	<path>/home/yogeshwar/Downloads/Raw/Boots/000177177.jpg</path>
	<source>
		<database>Unknown</database>
	</source>
	<size>
		<width>1920</width>
		<height>1400</height>
		<depth>3</depth>
	</size>
	<segmented>0</segmented>
	<object>
		<name>Boots</name>
		<pose>Unspecified</pose>
		<truncated>0</truncated>
		<difficult>0</difficult>
		<bndbox>
			<xmin>398</xmin>
			<ymin>561</ymin>
			<xmax>1360</xmax>
			<ymax>970</ymax>
		</bndbox>
	</object>
</annotation>
