<annotation>
	<folder>Boots</folder>
	<filename>000170171.jpg</filename>
	<path>/home/yogeshwar/Downloads/Raw/Boots/000170171.jpg</path>
	<source>
		<database>Unknown</database>
	</source>
	<size>
		<width>564</width>
		<height>564</height>
		<depth>3</depth>
	</size>
	<segmented>0</segmented>
	<object>
		<name>Boots</name>
		<pose>Unspecified</pose>
		<truncated>0</truncated>
		<difficult>0</difficult>
		<bndbox>
			<xmin>12</xmin>
			<ymin>175</ymin>
			<xmax>546</xmax>
			<ymax>514</ymax>
		</bndbox>
	</object>
</annotation>
