<annotation>
	<folder>Boots</folder>
	<filename>000105108.jpg</filename>
	<path>/home/yogeshwar/Downloads/Raw/Boots/000105108.jpg</path>
	<source>
		<database>Unknown</database>
	</source>
	<size>
		<width>550</width>
		<height>600</height>
		<depth>3</depth>
	</size>
	<segmented>0</segmented>
	<object>
		<name>Boots</name>
		<pose>Unspecified</pose>
		<truncated>1</truncated>
		<difficult>0</difficult>
		<bndbox>
			<xmin>11</xmin>
			<ymin>185</ymin>
			<xmax>550</xmax>
			<ymax>415</ymax>
		</bndbox>
	</object>
</annotation>
