<annotation>
	<folder>Boots</folder>
	<filename>000173173.jpg</filename>
	<path>/home/yogeshwar/Downloads/Raw/Boots/000173173.jpg</path>
	<source>
		<database>Unknown</database>
	</source>
	<size>
		<width>268</width>
		<height>268</height>
		<depth>3</depth>
	</size>
	<segmented>0</segmented>
	<object>
		<name>Boots</name>
		<pose>Unspecified</pose>
		<truncated>0</truncated>
		<difficult>0</difficult>
		<bndbox>
			<xmin>16</xmin>
			<ymin>54</ymin>
			<xmax>258</xmax>
			<ymax>223</ymax>
		</bndbox>
	</object>
</annotation>
