<annotation>
	<folder>Boots</folder>
	<filename>000134136.jpg</filename>
	<path>/home/yogeshwar/Downloads/Raw/Boots/000134136.jpg</path>
	<source>
		<database>Unknown</database>
	</source>
	<size>
		<width>1001</width>
		<height>699</height>
		<depth>3</depth>
	</size>
	<segmented>0</segmented>
	<object>
		<name>Boots</name>
		<pose>Unspecified</pose>
		<truncated>0</truncated>
		<difficult>0</difficult>
		<bndbox>
			<xmin>182</xmin>
			<ymin>86</ymin>
			<xmax>904</xmax>
			<ymax>598</ymax>
		</bndbox>
	</object>
</annotation>
