<annotation>
	<folder>Boots</folder>
	<filename>000156157.jpg</filename>
	<path>/home/yogeshwar/Downloads/Raw/Boots/000156157.jpg</path>
	<source>
		<database>Unknown</database>
	</source>
	<size>
		<width>1100</width>
		<height>1041</height>
		<depth>3</depth>
	</size>
	<segmented>0</segmented>
	<object>
		<name>Boots</name>
		<pose>Unspecified</pose>
		<truncated>0</truncated>
		<difficult>0</difficult>
		<bndbox>
			<xmin>465</xmin>
			<ymin>282</ymin>
			<xmax>1002</xmax>
			<ymax>556</ymax>
		</bndbox>
	</object>
</annotation>
