<annotation>
	<folder>Boots</folder>
	<filename>000164165.jpg</filename>
	<path>/home/yogeshwar/Downloads/Raw/Boots/000164165.jpg</path>
	<source>
		<database>Unknown</database>
	</source>
	<size>
		<width>1500</width>
		<height>1500</height>
		<depth>3</depth>
	</size>
	<segmented>0</segmented>
	<object>
		<name>Boots</name>
		<pose>Unspecified</pose>
		<truncated>0</truncated>
		<difficult>0</difficult>
		<bndbox>
			<xmin>85</xmin>
			<ymin>98</ymin>
			<xmax>1324</xmax>
			<ymax>1343</ymax>
		</bndbox>
	</object>
</annotation>
