<annotation>
	<folder>Boots</folder>
	<filename>000147148.jpg</filename>
	<path>/home/yogeshwar/Downloads/Raw/Boots/000147148.jpg</path>
	<source>
		<database>Unknown</database>
	</source>
	<size>
		<width>870</width>
		<height>1110</height>
		<depth>3</depth>
	</size>
	<segmented>0</segmented>
	<object>
		<name>Boots</name>
		<pose>Unspecified</pose>
		<truncated>0</truncated>
		<difficult>0</difficult>
		<bndbox>
			<xmin>39</xmin>
			<ymin>362</ymin>
			<xmax>558</xmax>
			<ymax>948</ymax>
		</bndbox>
	</object>
</annotation>
