<annotation>
	<folder>Boots</folder>
	<filename>000179179.jpg</filename>
	<path>/home/yogeshwar/Downloads/Raw/Boots/000179179.jpg</path>
	<source>
		<database>Unknown</database>
	</source>
	<size>
		<width>300</width>
		<height>300</height>
		<depth>3</depth>
	</size>
	<segmented>0</segmented>
	<object>
		<name>Boots</name>
		<pose>Unspecified</pose>
		<truncated>0</truncated>
		<difficult>0</difficult>
		<bndbox>
			<xmin>27</xmin>
			<ymin>36</ymin>
			<xmax>271</xmax>
			<ymax>179</ymax>
		</bndbox>
	</object>
</annotation>
