<annotation>
	<folder>Boots</folder>
	<filename>000159160.jpg</filename>
	<path>/home/yogeshwar/Downloads/Raw/Boots/000159160.jpg</path>
	<source>
		<database>Unknown</database>
	</source>
	<size>
		<width>680</width>
		<height>486</height>
		<depth>3</depth>
	</size>
	<segmented>0</segmented>
	<object>
		<name>Boots</name>
		<pose>Unspecified</pose>
		<truncated>0</truncated>
		<difficult>0</difficult>
		<bndbox>
			<xmin>298</xmin>
			<ymin>152</ymin>
			<xmax>613</xmax>
			<ymax>373</ymax>
		</bndbox>
	</object>
</annotation>
