<annotation>
	<folder>Boots</folder>
	<filename>000193193.jpg</filename>
	<path>/home/yogeshwar/Downloads/Raw/Boots/000193193.jpg</path>
	<source>
		<database>Unknown</database>
	</source>
	<size>
		<width>250</width>
		<height>250</height>
		<depth>3</depth>
	</size>
	<segmented>0</segmented>
	<object>
		<name>Boots</name>
		<pose>Unspecified</pose>
		<truncated>0</truncated>
		<difficult>0</difficult>
		<bndbox>
			<xmin>9</xmin>
			<ymin>49</ymin>
			<xmax>234</xmax>
			<ymax>187</ymax>
		</bndbox>
	</object>
</annotation>
