<annotation>
	<folder>Boots</folder>
	<filename>000103106.jpg</filename>
	<path>/home/yogeshwar/Downloads/Raw/Boots/000103106.jpg</path>
	<source>
		<database>Unknown</database>
	</source>
	<size>
		<width>300</width>
		<height>300</height>
		<depth>3</depth>
	</size>
	<segmented>0</segmented>
	<object>
		<name>Boots</name>
		<pose>Unspecified</pose>
		<truncated>0</truncated>
		<difficult>0</difficult>
		<bndbox>
			<xmin>9</xmin>
			<ymin>82</ymin>
			<xmax>289</xmax>
			<ymax>225</ymax>
		</bndbox>
	</object>
</annotation>
