<annotation>
	<folder>Boots</folder>
	<filename>000110113.jpg</filename>
	<path>/home/yogeshwar/Downloads/Raw/Boots/000110113.jpg</path>
	<source>
		<database>Unknown</database>
	</source>
	<size>
		<width>480</width>
		<height>440</height>
		<depth>3</depth>
	</size>
	<segmented>0</segmented>
	<object>
		<name>Boots</name>
		<pose>Unspecified</pose>
		<truncated>0</truncated>
		<difficult>0</difficult>
		<bndbox>
			<xmin>104</xmin>
			<ymin>110</ymin>
			<xmax>385</xmax>
			<ymax>327</ymax>
		</bndbox>
	</object>
</annotation>
