<annotation>
	<folder>Boots</folder>
	<filename>000168169.jpg</filename>
	<path>/home/yogeshwar/Downloads/Raw/Boots/000168169.jpg</path>
	<source>
		<database>Unknown</database>
	</source>
	<size>
		<width>1001</width>
		<height>1001</height>
		<depth>3</depth>
	</size>
	<segmented>0</segmented>
	<object>
		<name>Boots</name>
		<pose>Unspecified</pose>
		<truncated>0</truncated>
		<difficult>0</difficult>
		<bndbox>
			<xmin>48</xmin>
			<ymin>152</ymin>
			<xmax>962</xmax>
			<ymax>892</ymax>
		</bndbox>
	</object>
</annotation>
