<annotation>
	<folder>Boots</folder>
	<filename>000102105.jpg</filename>
	<path>/home/yogeshwar/Downloads/Raw/Boots/000102105.jpg</path>
	<source>
		<database>Unknown</database>
	</source>
	<size>
		<width>1300</width>
		<height>956</height>
		<depth>3</depth>
	</size>
	<segmented>0</segmented>
	<object>
		<name>Boots</name>
		<pose>Unspecified</pose>
		<truncated>0</truncated>
		<difficult>0</difficult>
		<bndbox>
			<xmin>151</xmin>
			<ymin>292</ymin>
			<xmax>1051</xmax>
			<ymax>740</ymax>
		</bndbox>
	</object>
</annotation>
