<annotation>
	<folder>Boots</folder>
	<filename>000197197.jpg</filename>
	<path>/home/yogeshwar/Downloads/Raw/Boots/000197197.jpg</path>
	<source>
		<database>Unknown</database>
	</source>
	<size>
		<width>620</width>
		<height>726</height>
		<depth>3</depth>
	</size>
	<segmented>0</segmented>
	<object>
		<name>Boots</name>
		<pose>Unspecified</pose>
		<truncated>0</truncated>
		<difficult>0</difficult>
		<bndbox>
			<xmin>170</xmin>
			<ymin>304</ymin>
			<xmax>578</xmax>
			<ymax>621</ymax>
		</bndbox>
	</object>
</annotation>
