<annotation>
	<folder>Boots</folder>
	<filename>000187187.jpg</filename>
	<path>/home/yogeshwar/Downloads/Raw/Boots/000187187.jpg</path>
	<source>
		<database>Unknown</database>
	</source>
	<size>
		<width>328</width>
		<height>350</height>
		<depth>3</depth>
	</size>
	<segmented>0</segmented>
	<object>
		<name>Boots</name>
		<pose>Unspecified</pose>
		<truncated>0</truncated>
		<difficult>0</difficult>
		<bndbox>
			<xmin>37</xmin>
			<ymin>136</ymin>
			<xmax>284</xmax>
			<ymax>259</ymax>
		</bndbox>
	</object>
</annotation>
