<annotation>
	<folder>Boots</folder>
	<filename>000157158.jpg</filename>
	<path>/home/yogeshwar/Downloads/Raw/Boots/000157158.jpg</path>
	<source>
		<database>Unknown</database>
	</source>
	<size>
		<width>340</width>
		<height>340</height>
		<depth>3</depth>
	</size>
	<segmented>0</segmented>
	<object>
		<name>Boots</name>
		<pose>Unspecified</pose>
		<truncated>0</truncated>
		<difficult>0</difficult>
		<bndbox>
			<xmin>127</xmin>
			<ymin>93</ymin>
			<xmax>337</xmax>
			<ymax>311</ymax>
		</bndbox>
	</object>
</annotation>
