<annotation>
	<folder>Boots</folder>
	<filename>000163164.jpg</filename>
	<path>/home/yogeshwar/Downloads/Raw/Boots/000163164.jpg</path>
	<source>
		<database>Unknown</database>
	</source>
	<size>
		<width>300</width>
		<height>225</height>
		<depth>3</depth>
	</size>
	<segmented>0</segmented>
	<object>
		<name>Boots</name>
		<pose>Unspecified</pose>
		<truncated>0</truncated>
		<difficult>0</difficult>
		<bndbox>
			<xmin>60</xmin>
			<ymin>78</ymin>
			<xmax>274</xmax>
			<ymax>180</ymax>
		</bndbox>
	</object>
</annotation>
