<annotation>
	<folder>Boots</folder>
	<filename>000135137.jpg</filename>
	<path>/home/yogeshwar/Downloads/Raw/Boots/000135137.jpg</path>
	<source>
		<database>Unknown</database>
	</source>
	<size>
		<width>400</width>
		<height>400</height>
		<depth>3</depth>
	</size>
	<segmented>0</segmented>
	<object>
		<name>Boots</name>
		<pose>Unspecified</pose>
		<truncated>0</truncated>
		<difficult>0</difficult>
		<bndbox>
			<xmin>15</xmin>
			<ymin>65</ymin>
			<xmax>379</xmax>
			<ymax>318</ymax>
		</bndbox>
	</object>
</annotation>
