<annotation>
	<folder>Boots</folder>
	<filename>000114117.jpg</filename>
	<path>/home/yogeshwar/Downloads/Raw/Boots/000114117.jpg</path>
	<source>
		<database>Unknown</database>
	</source>
	<size>
		<width>300</width>
		<height>200</height>
		<depth>3</depth>
	</size>
	<segmented>0</segmented>
	<object>
		<name>Boots</name>
		<pose>Unspecified</pose>
		<truncated>0</truncated>
		<difficult>0</difficult>
		<bndbox>
			<xmin>29</xmin>
			<ymin>42</ymin>
			<xmax>265</xmax>
			<ymax>186</ymax>
		</bndbox>
	</object>
</annotation>
