<annotation>
	<folder>Boots</folder>
	<filename>000111114.jpg</filename>
	<path>/home/yogeshwar/Downloads/Raw/Boots/000111114.jpg</path>
	<source>
		<database>Unknown</database>
	</source>
	<size>
		<width>534</width>
		<height>390</height>
		<depth>3</depth>
	</size>
	<segmented>0</segmented>
	<object>
		<name>Boots</name>
		<pose>Unspecified</pose>
		<truncated>1</truncated>
		<difficult>0</difficult>
		<bndbox>
			<xmin>218</xmin>
			<ymin>17</ymin>
			<xmax>499</xmax>
			<ymax>390</ymax>
		</bndbox>
	</object>
</annotation>
