<annotation>
	<folder>Boots</folder>
	<filename>000154155.jpg</filename>
	<path>/home/yogeshwar/Downloads/Raw/Boots/000154155.jpg</path>
	<source>
		<database>Unknown</database>
	</source>
	<size>
		<width>220</width>
		<height>220</height>
		<depth>3</depth>
	</size>
	<segmented>0</segmented>
	<object>
		<name>Boots</name>
		<pose>Unspecified</pose>
		<truncated>0</truncated>
		<difficult>0</difficult>
		<bndbox>
			<xmin>66</xmin>
			<ymin>4</ymin>
			<xmax>158</xmax>
			<ymax>217</ymax>
		</bndbox>
	</object>
</annotation>
