<annotation>
	<folder>Boots</folder>
	<filename>000133135.jpg</filename>
	<path>/home/yogeshwar/Downloads/Raw/Boots/000133135.jpg</path>
	<source>
		<database>Unknown</database>
	</source>
	<size>
		<width>1200</width>
		<height>1200</height>
		<depth>3</depth>
	</size>
	<segmented>0</segmented>
	<object>
		<name>Boots</name>
		<pose>Unspecified</pose>
		<truncated>1</truncated>
		<difficult>0</difficult>
		<bndbox>
			<xmin>20</xmin>
			<ymin>355</ymin>
			<xmax>1200</xmax>
			<ymax>882</ymax>
		</bndbox>
	</object>
</annotation>
