<annotation>
	<folder>Boots</folder>
	<filename>000184184.jpg</filename>
	<path>/home/yogeshwar/Downloads/Raw/Boots/000184184.jpg</path>
	<source>
		<database>Unknown</database>
	</source>
	<size>
		<width>350</width>
		<height>350</height>
		<depth>3</depth>
	</size>
	<segmented>0</segmented>
	<object>
		<name>Boots</name>
		<pose>Unspecified</pose>
		<truncated>0</truncated>
		<difficult>0</difficult>
		<bndbox>
			<xmin>10</xmin>
			<ymin>90</ymin>
			<xmax>327</xmax>
			<ymax>294</ymax>
		</bndbox>
	</object>
</annotation>
