<annotation>
	<folder>Boots</folder>
	<filename>00017297.jpg</filename>
	<path>/home/yogeshwar/Downloads/Raw/Boots/00017297.jpg</path>
	<source>
		<database>Unknown</database>
	</source>
	<size>
		<width>900</width>
		<height>572</height>
		<depth>3</depth>
	</size>
	<segmented>0</segmented>
	<object>
		<name>Boots</name>
		<pose>Unspecified</pose>
		<truncated>0</truncated>
		<difficult>0</difficult>
		<bndbox>
			<xmin>16</xmin>
			<ymin>69</ymin>
			<xmax>856</xmax>
			<ymax>525</ymax>
		</bndbox>
	</object>
</annotation>
