<annotation>
	<folder>Boots</folder>
	<filename>000128130.jpg</filename>
	<path>/home/yogeshwar/Downloads/Raw/Boots/000128130.jpg</path>
	<source>
		<database>Unknown</database>
	</source>
	<size>
		<width>350</width>
		<height>264</height>
		<depth>3</depth>
	</size>
	<segmented>0</segmented>
	<object>
		<name>Boots</name>
		<pose>Unspecified</pose>
		<truncated>0</truncated>
		<difficult>0</difficult>
		<bndbox>
			<xmin>11</xmin>
			<ymin>18</ymin>
			<xmax>333</xmax>
			<ymax>247</ymax>
		</bndbox>
	</object>
</annotation>
