<annotation>
	<folder>Boots</folder>
	<filename>000115118.jpg</filename>
	<path>/home/yogeshwar/Downloads/Raw/Boots/000115118.jpg</path>
	<source>
		<database>Unknown</database>
	</source>
	<size>
		<width>324</width>
		<height>296</height>
		<depth>3</depth>
	</size>
	<segmented>0</segmented>
	<object>
		<name>Boots</name>
		<pose>Unspecified</pose>
		<truncated>1</truncated>
		<difficult>0</difficult>
		<bndbox>
			<xmin>7</xmin>
			<ymin>61</ymin>
			<xmax>324</xmax>
			<ymax>249</ymax>
		</bndbox>
	</object>
</annotation>
