<annotation>
	<folder>Boots</folder>
	<filename>000150151.jpg</filename>
	<path>/home/yogeshwar/Downloads/Raw/Boots/000150151.jpg</path>
	<source>
		<database>Unknown</database>
	</source>
	<size>
		<width>240</width>
		<height>300</height>
		<depth>3</depth>
	</size>
	<segmented>0</segmented>
	<object>
		<name>Boots</name>
		<pose>Unspecified</pose>
		<truncated>0</truncated>
		<difficult>0</difficult>
		<bndbox>
			<xmin>17</xmin>
			<ymin>89</ymin>
			<xmax>213</xmax>
			<ymax>214</ymax>
		</bndbox>
	</object>
</annotation>
