<annotation>
	<folder>Boots</folder>
	<filename>000112115.jpg</filename>
	<path>/home/yogeshwar/Downloads/Raw/Boots/000112115.jpg</path>
	<source>
		<database>Unknown</database>
	</source>
	<size>
		<width>1024</width>
		<height>682</height>
		<depth>3</depth>
	</size>
	<segmented>0</segmented>
	<object>
		<name>Boots</name>
		<pose>Unspecified</pose>
		<truncated>0</truncated>
		<difficult>0</difficult>
		<bndbox>
			<xmin>297</xmin>
			<ymin>173</ymin>
			<xmax>793</xmax>
			<ymax>553</ymax>
		</bndbox>
	</object>
</annotation>
