<annotation>
	<folder>Boots</folder>
	<filename>000176176.jpg</filename>
	<path>/home/yogeshwar/Downloads/Raw/Boots/000176176.jpg</path>
	<source>
		<database>Unknown</database>
	</source>
	<size>
		<width>225</width>
		<height>181</height>
		<depth>3</depth>
	</size>
	<segmented>0</segmented>
	<object>
		<name>Boots</name>
		<pose>Unspecified</pose>
		<truncated>0</truncated>
		<difficult>0</difficult>
		<bndbox>
			<xmin>6</xmin>
			<ymin>33</ymin>
			<xmax>224</xmax>
			<ymax>151</ymax>
		</bndbox>
	</object>
</annotation>
