<annotation>
	<folder>Boots</folder>
	<filename>000186186.jpg</filename>
	<path>/home/yogeshwar/Downloads/Raw/Boots/000186186.jpg</path>
	<source>
		<database>Unknown</database>
	</source>
	<size>
		<width>1600</width>
		<height>700</height>
		<depth>3</depth>
	</size>
	<segmented>0</segmented>
	<object>
		<name>Boots</name>
		<pose>Unspecified</pose>
		<truncated>0</truncated>
		<difficult>0</difficult>
		<bndbox>
			<xmin>57</xmin>
			<ymin>309</ymin>
			<xmax>407</xmax>
			<ymax>548</ymax>
		</bndbox>
	</object>
</annotation>
