<annotation>
	<folder>Boots</folder>
	<filename>000178178.jpg</filename>
	<path>/home/yogeshwar/Downloads/Raw/Boots/000178178.jpg</path>
	<source>
		<database>Unknown</database>
	</source>
	<size>
		<width>600</width>
		<height>800</height>
		<depth>3</depth>
	</size>
	<segmented>0</segmented>
	<object>
		<name>Boots</name>
		<pose>Unspecified</pose>
		<truncated>0</truncated>
		<difficult>0</difficult>
		<bndbox>
			<xmin>11</xmin>
			<ymin>550</ymin>
			<xmax>304</xmax>
			<ymax>766</ymax>
		</bndbox>
	</object>
	<object>
		<name>Boots</name>
		<pose>Unspecified</pose>
		<truncated>0</truncated>
		<difficult>0</difficult>
		<bndbox>
			<xmin>331</xmin>
			<ymin>153</ymin>
			<xmax>588</xmax>
			<ymax>622</ymax>
		</bndbox>
	</object>
</annotation>
