<annotation>
	<folder>Boots</folder>
	<filename>000165166.jpg</filename>
	<path>/home/yogeshwar/Downloads/Raw/Boots/000165166.jpg</path>
	<source>
		<database>Unknown</database>
	</source>
	<size>
		<width>512</width>
		<height>512</height>
		<depth>3</depth>
	</size>
	<segmented>0</segmented>
	<object>
		<name>Boots</name>
		<pose>Unspecified</pose>
		<truncated>0</truncated>
		<difficult>0</difficult>
		<bndbox>
			<xmin>25</xmin>
			<ymin>86</ymin>
			<xmax>413</xmax>
			<ymax>435</ymax>
		</bndbox>
	</object>
</annotation>
