<annotation>
	<folder>Boots</folder>
	<filename>000145146.jpg</filename>
	<path>/home/yogeshwar/Downloads/Raw/Boots/000145146.jpg</path>
	<source>
		<database>Unknown</database>
	</source>
	<size>
		<width>472</width>
		<height>400</height>
		<depth>3</depth>
	</size>
	<segmented>0</segmented>
	<object>
		<name>Boots</name>
		<pose>Unspecified</pose>
		<truncated>0</truncated>
		<difficult>0</difficult>
		<bndbox>
			<xmin>17</xmin>
			<ymin>126</ymin>
			<xmax>451</xmax>
			<ymax>342</ymax>
		</bndbox>
	</object>
</annotation>
