<annotation>
	<folder>Boots</folder>
	<filename>000171172.jpg</filename>
	<path>/home/yogeshwar/Downloads/Raw/Boots/000171172.jpg</path>
	<source>
		<database>Unknown</database>
	</source>
	<size>
		<width>250</width>
		<height>250</height>
		<depth>3</depth>
	</size>
	<segmented>0</segmented>
	<object>
		<name>Boots</name>
		<pose>Unspecified</pose>
		<truncated>0</truncated>
		<difficult>0</difficult>
		<bndbox>
			<xmin>34</xmin>
			<ymin>7</ymin>
			<xmax>240</xmax>
			<ymax>247</ymax>
		</bndbox>
	</object>
</annotation>
