<annotation>
	<folder>Boots</folder>
	<filename>000129131.jpg</filename>
	<path>/home/yogeshwar/Downloads/Raw/Boots/000129131.jpg</path>
	<source>
		<database>Unknown</database>
	</source>
	<size>
		<width>1845</width>
		<height>1000</height>
		<depth>3</depth>
	</size>
	<segmented>0</segmented>
	<object>
		<name>Boots</name>
		<pose>Unspecified</pose>
		<truncated>0</truncated>
		<difficult>0</difficult>
		<bndbox>
			<xmin>60</xmin>
			<ymin>46</ymin>
			<xmax>1815</xmax>
			<ymax>979</ymax>
		</bndbox>
	</object>
</annotation>
