<annotation>
	<folder>Boots</folder>
	<filename>000180180.jpg</filename>
	<path>/home/yogeshwar/Downloads/Raw/Boots/000180180.jpg</path>
	<source>
		<database>Unknown</database>
	</source>
	<size>
		<width>262</width>
		<height>262</height>
		<depth>3</depth>
	</size>
	<segmented>0</segmented>
	<object>
		<name>Boots</name>
		<pose>Unspecified</pose>
		<truncated>0</truncated>
		<difficult>0</difficult>
		<bndbox>
			<xmin>63</xmin>
			<ymin>115</ymin>
			<xmax>203</xmax>
			<ymax>189</ymax>
		</bndbox>
	</object>
</annotation>
