<annotation>
	<folder>Boots</folder>
	<filename>000190190.jpg</filename>
	<path>/home/yogeshwar/Downloads/Raw/Boots/000190190.jpg</path>
	<source>
		<database>Unknown</database>
	</source>
	<size>
		<width>500</width>
		<height>321</height>
		<depth>3</depth>
	</size>
	<segmented>0</segmented>
	<object>
		<name>Boots</name>
		<pose>Unspecified</pose>
		<truncated>1</truncated>
		<difficult>0</difficult>
		<bndbox>
			<xmin>215</xmin>
			<ymin>13</ymin>
			<xmax>500</xmax>
			<ymax>308</ymax>
		</bndbox>
	</object>
</annotation>
