<annotation>
	<folder>Boots</folder>
	<filename>000166167.jpg</filename>
	<path>/home/yogeshwar/Downloads/Raw/Boots/000166167.jpg</path>
	<source>
		<database>Unknown</database>
	</source>
	<size>
		<width>600</width>
		<height>450</height>
		<depth>3</depth>
	</size>
	<segmented>0</segmented>
	<object>
		<name>Boots</name>
		<pose>Unspecified</pose>
		<truncated>0</truncated>
		<difficult>0</difficult>
		<bndbox>
			<xmin>41</xmin>
			<ymin>71</ymin>
			<xmax>532</xmax>
			<ymax>429</ymax>
		</bndbox>
	</object>
</annotation>
