<annotation>
	<folder>Boots</folder>
	<filename>000183183.jpg</filename>
	<path>/home/yogeshwar/Downloads/Raw/Boots/000183183.jpg</path>
	<source>
		<database>Unknown</database>
	</source>
	<size>
		<width>850</width>
		<height>995</height>
		<depth>3</depth>
	</size>
	<segmented>0</segmented>
	<object>
		<name>Boots</name>
		<pose>Unspecified</pose>
		<truncated>0</truncated>
		<difficult>0</difficult>
		<bndbox>
			<xmin>19</xmin>
			<ymin>363</ymin>
			<xmax>829</xmax>
			<ymax>650</ymax>
		</bndbox>
	</object>
</annotation>
