<annotation>
	<folder>Boots</folder>
	<filename>000161162.jpg</filename>
	<path>/home/yogeshwar/Downloads/Raw/Boots/000161162.jpg</path>
	<source>
		<database>Unknown</database>
	</source>
	<size>
		<width>700</width>
		<height>700</height>
		<depth>3</depth>
	</size>
	<segmented>0</segmented>
	<object>
		<name>Boots</name>
		<pose>Unspecified</pose>
		<truncated>0</truncated>
		<difficult>0</difficult>
		<bndbox>
			<xmin>162</xmin>
			<ymin>241</ymin>
			<xmax>667</xmax>
			<ymax>644</ymax>
		</bndbox>
	</object>
</annotation>
