<annotation>
	<folder>Boots</folder>
	<filename>000144145.jpg</filename>
	<path>/home/yogeshwar/Downloads/Raw/Boots/000144145.jpg</path>
	<source>
		<database>Unknown</database>
	</source>
	<size>
		<width>800</width>
		<height>532</height>
		<depth>3</depth>
	</size>
	<segmented>0</segmented>
	<object>
		<name>Boots</name>
		<pose>Unspecified</pose>
		<truncated>0</truncated>
		<difficult>0</difficult>
		<bndbox>
			<xmin>70</xmin>
			<ymin>97</ymin>
			<xmax>710</xmax>
			<ymax>422</ymax>
		</bndbox>
	</object>
</annotation>
