<annotation>
	<folder>Boots</folder>
	<filename>000196196.jpg</filename>
	<path>/home/yogeshwar/Downloads/Raw/Boots/000196196.jpg</path>
	<source>
		<database>Unknown</database>
	</source>
	<size>
		<width>250</width>
		<height>250</height>
		<depth>3</depth>
	</size>
	<segmented>0</segmented>
	<object>
		<name>Boots</name>
		<pose>Unspecified</pose>
		<truncated>1</truncated>
		<difficult>0</difficult>
		<bndbox>
			<xmin>11</xmin>
			<ymin>82</ymin>
			<xmax>250</xmax>
			<ymax>221</ymax>
		</bndbox>
	</object>
</annotation>
