<annotation>
	<folder>Boots</folder>
	<filename>000108111.jpg</filename>
	<path>/home/yogeshwar/Downloads/Raw/Boots/000108111.jpg</path>
	<source>
		<database>Unknown</database>
	</source>
	<size>
		<width>650</width>
		<height>650</height>
		<depth>3</depth>
	</size>
	<segmented>0</segmented>
	<object>
		<name>Boots</name>
		<pose>Unspecified</pose>
		<truncated>0</truncated>
		<difficult>0</difficult>
		<bndbox>
			<xmin>11</xmin>
			<ymin>290</ymin>
			<xmax>554</xmax>
			<ymax>642</ymax>
		</bndbox>
	</object>
</annotation>
