<annotation>
	<folder>Boots</folder>
	<filename>000146147.jpg</filename>
	<path>/home/yogeshwar/Downloads/Raw/Boots/000146147.jpg</path>
	<source>
		<database>Unknown</database>
	</source>
	<size>
		<width>500</width>
		<height>500</height>
		<depth>3</depth>
	</size>
	<segmented>0</segmented>
	<object>
		<name>Boots</name>
		<pose>Unspecified</pose>
		<truncated>0</truncated>
		<difficult>0</difficult>
		<bndbox>
			<xmin>49</xmin>
			<ymin>46</ymin>
			<xmax>436</xmax>
			<ymax>449</ymax>
		</bndbox>
	</object>
</annotation>
