<annotation>
	<folder>Boots</folder>
	<filename>000124126.jpg</filename>
	<path>/home/yogeshwar/Downloads/Raw/Boots/000124126.jpg</path>
	<source>
		<database>Unknown</database>
	</source>
	<size>
		<width>640</width>
		<height>640</height>
		<depth>3</depth>
	</size>
	<segmented>0</segmented>
	<object>
		<name>Boots</name>
		<pose>Unspecified</pose>
		<truncated>0</truncated>
		<difficult>0</difficult>
		<bndbox>
			<xmin>74</xmin>
			<ymin>141</ymin>
			<xmax>575</xmax>
			<ymax>521</ymax>
		</bndbox>
	</object>
</annotation>
