<annotation>
	<folder>Boots</folder>
	<filename>000123125.jpg</filename>
	<path>/home/yogeshwar/Downloads/Raw/Boots/000123125.jpg</path>
	<source>
		<database>Unknown</database>
	</source>
	<size>
		<width>633</width>
		<height>487</height>
		<depth>3</depth>
	</size>
	<segmented>0</segmented>
	<object>
		<name>Boots</name>
		<pose>Unspecified</pose>
		<truncated>0</truncated>
		<difficult>0</difficult>
		<bndbox>
			<xmin>14</xmin>
			<ymin>55</ymin>
			<xmax>632</xmax>
			<ymax>474</ymax>
		</bndbox>
	</object>
</annotation>
