<annotation>
	<folder>Boots</folder>
	<filename>000155156.jpg</filename>
	<path>/home/yogeshwar/Downloads/Raw/Boots/000155156.jpg</path>
	<source>
		<database>Unknown</database>
	</source>
	<size>
		<width>700</width>
		<height>700</height>
		<depth>3</depth>
	</size>
	<segmented>0</segmented>
	<object>
		<name>Boots</name>
		<pose>Unspecified</pose>
		<truncated>0</truncated>
		<difficult>0</difficult>
		<bndbox>
			<xmin>290</xmin>
			<ymin>160</ymin>
			<xmax>423</xmax>
			<ymax>563</ymax>
		</bndbox>
	</object>
</annotation>
