<annotation>
	<folder>Boots</folder>
	<filename>000203203.jpg</filename>
	<path>/home/yogeshwar/Downloads/Raw/Boots/000203203.jpg</path>
	<source>
		<database>Unknown</database>
	</source>
	<size>
		<width>250</width>
		<height>187</height>
		<depth>3</depth>
	</size>
	<segmented>0</segmented>
	<object>
		<name>Boots</name>
		<pose>Unspecified</pose>
		<truncated>0</truncated>
		<difficult>0</difficult>
		<bndbox>
			<xmin>40</xmin>
			<ymin>10</ymin>
			<xmax>216</xmax>
			<ymax>169</ymax>
		</bndbox>
	</object>
</annotation>
